Activity,ax,ay,az,Time
pointing upwards,0.3,-9.9,-0.48,2021-04-03 18:18:52
pointing upwards,0.22,-9.9,-0.44,2021-04-03 18:18:53
pointing upwards,0.26,-9.94,-0.41,2021-04-03 18:18:53
pointing upwards,0.22,-9.94,-0.5,2021-04-03 18:18:53
pointing upwards,0.26,-9.91,-0.46,2021-04-03 18:18:53
pointing upwards,0.24,-9.92,-0.45,2021-04-03 18:18:53
pointing upwards,0.25,-9.88,-0.44,2021-04-03 18:18:54
pointing upwards,0.26,-9.9,-0.45,2021-04-03 18:18:54
pointing upwards,0.27,-9.89,-0.45,2021-04-03 18:18:54
pointing upwards,0.26,-9.96,-0.52,2021-04-03 18:18:54
pointing upwards,0.25,-9.94,-0.46,2021-04-03 18:18:54
pointing upwards,0.21,-9.9,-0.41,2021-04-03 18:18:55
pointing upwards,0.23,-9.87,-0.37,2021-04-03 18:18:55
pointing upwards,0.25,-9.93,-0.4,2021-04-03 18:18:55
pointing upwards,0.22,-9.92,-0.43,2021-04-03 18:18:55
pointing upwards,0.23,-9.94,-0.41,2021-04-03 18:18:55
pointing upwards,0.22,-9.93,-0.48,2021-04-03 18:18:56
pointing upwards,0.21,-9.92,-0.48,2021-04-03 18:18:56
pointing upwards,0.29,-9.9,-0.5,2021-04-03 18:18:56
pointing upwards,0.22,-9.92,-0.47,2021-04-03 18:18:56
pointing upwards,0.24,-9.9,-0.41,2021-04-03 18:18:56
pointing upwards,0.25,-9.91,-0.41,2021-04-03 18:18:57
pointing upwards,0.26,-9.91,-0.39,2021-04-03 18:18:57
pointing upwards,0.27,-9.92,-0.47,2021-04-03 18:18:57
pointing upwards,0.21,-9.92,-0.5,2021-04-03 18:18:57
pointing upwards,0.26,-9.92,-0.46,2021-04-03 18:18:57
pointing upwards,0.21,-9.93,-0.46,2021-04-03 18:18:58
pointing upwards,0.22,-9.93,-0.45,2021-04-03 18:18:58
pointing upwards,0.23,-9.95,-0.45,2021-04-03 18:18:58
pointing upwards,0.22,-9.97,-0.35,2021-04-03 18:18:58
pointing upwards,0.24,-9.91,-0.48,2021-04-03 18:18:58
pointing upwards,0.19,-9.92,-0.47,2021-04-03 18:18:59
pointing upwards,0.24,-9.9,-0.47,2021-04-03 18:18:59
pointing upwards,0.26,-9.91,-0.5,2021-04-03 18:18:59
pointing upwards,0.27,-9.9,-0.51,2021-04-03 18:18:59
pointing upwards,0.28,-9.93,-0.42,2021-04-03 18:18:59
pointing upwards,0.26,-9.97,-0.44,2021-04-03 18:19:00
pointing upwards,0.28,-9.98,-0.4,2021-04-03 18:19:00
pointing upwards,0.24,-9.92,-0.5,2021-04-03 18:19:00
pointing upwards,0.28,-9.95,-0.44,2021-04-03 18:19:00
pointing upwards,0.26,-9.93,-0.49,2021-04-03 18:19:00
pointing upwards,0.23,-9.9,-0.47,2021-04-03 18:19:01
pointing upwards,0.23,-9.96,-0.42,2021-04-03 18:19:01
pointing upwards,0.2,-9.92,-0.51,2021-04-03 18:19:01
pointing upwards,0.22,-9.9,-0.47,2021-04-03 18:19:01
pointing upwards,0.23,-9.93,-0.48,2021-04-03 18:19:01
pointing upwards,0.27,-9.94,-0.47,2021-04-03 18:19:02
pointing upwards,0.25,-9.91,-0.49,2021-04-03 18:19:02
pointing upwards,0.26,-9.89,-0.47,2021-04-03 18:19:02
pointing upwards,0.26,-9.89,-0.47,2021-04-03 18:19:02
pointing upwards,0.22,-9.91,-0.52,2021-04-03 18:19:03
pointing upwards,0.24,-9.93,-0.47,2021-04-03 18:19:03
pointing upwards,0.21,-9.92,-0.41,2021-04-03 18:19:03
pointing upwards,0.21,-9.93,-0.47,2021-04-03 18:19:03
pointing upwards,0.25,-9.91,-0.45,2021-04-03 18:19:03
pointing upwards,0.28,-9.92,-0.48,2021-04-03 18:19:04
pointing upwards,0.22,-9.97,-0.46,2021-04-03 18:19:04
pointing upwards,0.26,-9.93,-0.52,2021-04-03 18:19:04
pointing upwards,0.22,-9.92,-0.49,2021-04-03 18:19:04
pointing upwards,0.21,-9.93,-0.48,2021-04-03 18:19:04
pointing upwards,0.23,-9.9,-0.45,2021-04-03 18:19:05
pointing upwards,0.22,-9.92,-0.38,2021-04-03 18:19:05
pointing upwards,0.23,-9.93,-0.54,2021-04-03 18:19:05
pointing upwards,0.27,-9.95,-0.37,2021-04-03 18:19:05
pointing upwards,0.21,-9.91,-0.44,2021-04-03 18:19:05
pointing upwards,0.26,-9.92,-0.39,2021-04-03 18:19:06
pointing upwards,0.21,-9.87,-0.43,2021-04-03 18:19:06
pointing upwards,0.28,-9.91,-0.47,2021-04-03 18:19:06
pointing upwards,0.2,-9.91,-0.58,2021-04-03 18:19:06
pointing upwards,0.25,-9.89,-0.48,2021-04-03 18:19:06
pointing upwards,0.23,-9.95,-0.52,2021-04-03 18:19:07
pointing upwards,0.21,-9.91,-0.54,2021-04-03 18:19:07
pointing upwards,0.22,-9.91,-0.4,2021-04-03 18:19:07
pointing upwards,0.23,-9.98,-0.41,2021-04-03 18:19:07
pointing upwards,0.22,-9.94,-0.49,2021-04-03 18:19:07
pointing upwards,0.27,-9.91,-0.55,2021-04-03 18:19:08
pointing upwards,0.2,-9.98,-0.47,2021-04-03 18:19:08
pointing upwards,0.24,-9.94,-0.49,2021-04-03 18:19:08
pointing upwards,0.23,-9.9,-0.48,2021-04-03 18:19:08
pointing upwards,0.2,-9.92,-0.46,2021-04-03 18:19:09
pointing upwards,0.27,-9.94,-0.54,2021-04-03 18:19:09
pointing upwards,0.25,-9.93,-0.49,2021-04-03 18:19:09
pointing upwards,0.26,-9.92,-0.47,2021-04-03 18:19:09
pointing upwards,0.22,-9.95,-0.5,2021-04-03 18:19:09
pointing upwards,0.26,-9.98,-0.48,2021-04-03 18:19:09
pointing upwards,0.19,-9.96,-0.46,2021-04-03 18:19:10
pointing upwards,0.26,-9.95,-0.52,2021-04-03 18:19:10
pointing upwards,0.21,-9.92,-0.46,2021-04-03 18:19:10
pointing upwards,0.22,-9.88,-0.52,2021-04-03 18:19:10
pointing upwards,0.2,-9.93,-0.48,2021-04-03 18:19:11
pointing upwards,0.25,-9.95,-0.46,2021-04-03 18:19:11
pointing upwards,0.23,-9.94,-0.45,2021-04-03 18:19:11
pointing upwards,0.19,-9.95,-0.54,2021-04-03 18:19:11
pointing upwards,0.25,-9.95,-0.46,2021-04-03 18:19:11
pointing upwards,0.24,-9.93,-0.45,2021-04-03 18:19:12
pointing upwards,0.25,-9.96,-0.37,2021-04-03 18:19:12
pointing upwards,0.23,-9.95,-0.44,2021-04-03 18:19:12
pointing upwards,0.21,-9.95,-0.5,2021-04-03 18:19:12
pointing upwards,0.26,-9.91,-0.49,2021-04-03 18:19:13
pointing upwards,0.16,-9.87,-0.5,2021-04-03 18:19:13
pointing upwards,0.22,-9.95,-0.42,2021-04-03 18:19:13
pointing upwards,0.24,-9.95,-0.47,2021-04-03 18:19:13
pointing upwards,0.2,-9.94,-0.48,2021-04-03 18:19:13
pointing upwards,0.24,-9.92,-0.42,2021-04-03 18:19:13
pointing upwards,0.25,-9.93,-0.48,2021-04-03 18:19:14
pointing upwards,0.21,-9.92,-0.48,2021-04-03 18:19:14
pointing upwards,0.22,-9.91,-0.51,2021-04-03 18:19:14
pointing upwards,0.21,-9.92,-0.49,2021-04-03 18:19:14
pointing upwards,0.27,-9.93,-0.49,2021-04-03 18:19:14
pointing upwards,0.23,-9.95,-0.46,2021-04-03 18:19:15
pointing upwards,0.21,-9.94,-0.48,2021-04-03 18:19:15
pointing upwards,0.23,-9.92,-0.49,2021-04-03 18:19:15
pointing upwards,0.24,-9.89,-0.48,2021-04-03 18:19:15
pointing upwards,0.24,-9.93,-0.45,2021-04-03 18:19:15
pointing upwards,0.25,-9.93,-0.41,2021-04-03 18:19:16
pointing upwards,0.26,-9.95,-0.41,2021-04-03 18:19:16
pointing upwards,0.19,-9.94,-0.52,2021-04-03 18:19:16
pointing upwards,0.21,-9.91,-0.49,2021-04-03 18:19:16
pointing upwards,0.24,-9.92,-0.41,2021-04-03 18:19:16
pointing upwards,0.19,-9.95,-0.5,2021-04-03 18:19:17
pointing upwards,0.26,-9.93,-0.44,2021-04-03 18:19:17
pointing upwards,0.19,-9.94,-0.49,2021-04-03 18:19:17
pointing upwards,0.2,-9.92,-0.47,2021-04-03 18:19:17
pointing upwards,0.19,-9.94,-0.49,2021-04-03 18:19:17
pointing upwards,0.2,-9.95,-0.46,2021-04-03 18:19:18
pointing upwards,0.21,-9.89,-0.48,2021-04-03 18:19:18
pointing upwards,0.24,-9.99,-0.41,2021-04-03 18:19:18
pointing upwards,0.22,-9.98,-0.53,2021-04-03 18:19:18
pointing upwards,0.26,-9.87,-0.46,2021-04-03 18:19:19
pointing upwards,0.24,-9.89,-0.5,2021-04-03 18:19:19
pointing upwards,0.2,-9.95,-0.47,2021-04-03 18:19:19
pointing upwards,0.26,-9.94,-0.41,2021-04-03 18:19:19
pointing upwards,0.26,-9.92,-0.41,2021-04-03 18:19:19
pointing upwards,0.24,-9.86,-0.46,2021-04-03 18:19:20
pointing upwards,0.18,-9.98,-0.5,2021-04-03 18:19:20
pointing upwards,0.22,-9.91,-0.47,2021-04-03 18:19:20
pointing upwards,0.22,-9.93,-0.46,2021-04-03 18:19:20
pointing upwards,0.26,-9.9,-0.5,2021-04-03 18:19:20
pointing upwards,0.25,-9.92,-0.55,2021-04-03 18:19:21
pointing upwards,0.22,-9.96,-0.49,2021-04-03 18:19:21
pointing upwards,0.25,-9.92,-0.44,2021-04-03 18:19:21
pointing upwards,0.19,-9.99,-0.5,2021-04-03 18:19:21
pointing upwards,0.25,-9.94,-0.42,2021-04-03 18:19:21
pointing upwards,0.26,-9.94,-0.45,2021-04-03 18:19:22
pointing upwards,0.2,-9.97,-0.5,2021-04-03 18:19:22
pointing upwards,0.2,-9.95,-0.57,2021-04-03 18:19:22
pointing upwards,0.19,-9.97,-0.46,2021-04-03 18:19:22
pointing upwards,0.23,-9.97,-0.48,2021-04-03 18:19:22
pointing upwards,0.25,-9.96,-0.49,2021-04-03 18:19:23
pointing upwards,0.25,-9.92,-0.45,2021-04-03 18:19:23
pointing upwards,0.2,-9.93,-0.48,2021-04-03 18:19:23
pointing upwards,0.28,-9.9,-0.42,2021-04-03 18:19:23
pointing upwards,0.21,-9.96,-0.39,2021-04-03 18:19:23
pointing upwards,0.24,-9.9,-0.43,2021-04-03 18:19:24
pointing upwards,0.26,-9.95,-0.48,2021-04-03 18:19:24
pointing upwards,0.27,-9.93,-0.48,2021-04-03 18:19:24
pointing upwards,0.22,-9.9,-0.47,2021-04-03 18:19:24
pointing upwards,0.21,-9.93,-0.52,2021-04-03 18:19:25
pointing upwards,0.26,-9.93,-0.52,2021-04-03 18:19:25
pointing upwards,0.23,-9.91,-0.48,2021-04-03 18:19:25
pointing upwards,0.19,-9.93,-0.44,2021-04-03 18:19:25
pointing upwards,0.17,-9.92,-0.55,2021-04-03 18:19:25
pointing upwards,0.26,-9.96,-0.52,2021-04-03 18:19:25
pointing upwards,0.26,-9.98,-0.46,2021-04-03 18:19:26
pointing upwards,0.21,-9.91,-0.46,2021-04-03 18:19:26
pointing upwards,0.19,-9.9,-0.45,2021-04-03 18:19:26
pointing upwards,0.17,-9.9,-0.46,2021-04-03 18:19:26
pointing upwards,0.23,-9.94,-0.47,2021-04-03 18:19:26
pointing upwards,0.2,-9.93,-0.45,2021-04-03 18:19:27
pointing upwards,0.18,-9.97,-0.46,2021-04-03 18:19:27
pointing upwards,0.28,-9.91,-0.53,2021-04-03 18:19:27
pointing upwards,0.22,-9.93,-0.47,2021-04-03 18:19:27
pointing upwards,0.22,-9.93,-0.5,2021-04-03 18:19:27
pointing upwards,0.27,-9.92,-0.43,2021-04-03 18:19:28
pointing upwards,0.22,-9.92,-0.53,2021-04-03 18:19:28
pointing upwards,0.19,-9.95,-0.47,2021-04-03 18:19:28
pointing upwards,0.25,-9.93,-0.52,2021-04-03 18:19:28
pointing upwards,0.21,-9.91,-0.47,2021-04-03 18:19:28
pointing upwards,0.25,-9.91,-0.47,2021-04-03 18:19:29
pointing upwards,0.2,-9.87,-0.48,2021-04-03 18:19:29
pointing upwards,0.2,-9.92,-0.47,2021-04-03 18:19:29
pointing upwards,0.19,-9.97,-0.45,2021-04-03 18:19:29
pointing upwards,0.21,-9.92,-0.45,2021-04-03 18:19:29
pointing upwards,0.22,-9.91,-0.48,2021-04-03 18:19:30
pointing upwards,0.25,-9.91,-0.48,2021-04-03 18:19:30
pointing upwards,0.22,-9.91,-0.45,2021-04-03 18:19:30
pointing upwards,0.21,-9.96,-0.46,2021-04-03 18:19:30
pointing upwards,0.15,-9.93,-0.44,2021-04-03 18:19:31
pointing upwards,0.22,-9.96,-0.47,2021-04-03 18:19:31
pointing upwards,0.2,-9.91,-0.52,2021-04-03 18:19:31
pointing upwards,0.22,-9.95,-0.52,2021-04-03 18:19:31
pointing upwards,0.24,-9.91,-0.44,2021-04-03 18:19:31
pointing upwards,0.22,-9.94,-0.5,2021-04-03 18:19:32
pointing upwards,0.25,-9.95,-0.48,2021-04-03 18:19:32
pointing upwards,0.21,-9.93,-0.49,2021-04-03 18:19:32
pointing upwards,0.27,-9.92,-0.47,2021-04-03 18:19:32
pointing upwards,0.23,-9.94,-0.49,2021-04-03 18:19:33
pointing upwards,0.25,-9.97,-0.48,2021-04-03 18:19:33
pointing upwards,0.22,-9.94,-0.42,2021-04-03 18:19:33
pointing upwards,0.26,-9.91,-0.48,2021-04-03 18:19:33
pointing upwards,0.21,-9.94,-0.52,2021-04-03 18:19:33
pointing upwards,0.21,-9.92,-0.53,2021-04-03 18:19:33
pointing upwards,0.21,-9.93,-0.47,2021-04-03 18:19:34
pointing upwards,0.21,-9.93,-0.43,2021-04-03 18:19:34
pointing upwards,0.21,-9.91,-0.47,2021-04-03 18:19:34
pointing upwards,0.21,-9.93,-0.51,2021-04-03 18:19:34
pointing upwards,0.2,-9.96,-0.51,2021-04-03 18:19:34
pointing upwards,0.25,-9.97,-0.45,2021-04-03 18:19:35
pointing upwards,0.22,-9.91,-0.42,2021-04-03 18:19:35
pointing upwards,0.17,-9.89,-0.44,2021-04-03 18:19:35
pointing upwards,0.22,-9.96,-0.43,2021-04-03 18:19:35
pointing upwards,0.24,-9.97,-0.49,2021-04-03 18:19:35
pointing upwards,0.22,-9.96,-0.48,2021-04-03 18:19:36
pointing upwards,0.25,-9.89,-0.48,2021-04-03 18:19:36
pointing upwards,0.23,-9.96,-0.44,2021-04-03 18:19:36
pointing upwards,0.26,-9.93,-0.56,2021-04-03 18:19:36
pointing upwards,0.24,-9.93,-0.46,2021-04-03 18:19:36
pointing upwards,0.26,-9.96,-0.48,2021-04-03 18:19:37
pointing upwards,0.25,-9.93,-0.47,2021-04-03 18:19:37
pointing upwards,0.23,-9.95,-0.44,2021-04-03 18:19:37
pointing upwards,0.23,-9.97,-0.5,2021-04-03 18:19:37
pointing upwards,0.25,-9.95,-0.55,2021-04-03 18:19:38
pointing upwards,0.23,-9.94,-0.5,2021-04-03 18:19:38
pointing upwards,0.21,-9.9,-0.42,2021-04-03 18:19:38
pointing upwards,0.18,-9.93,-0.45,2021-04-03 18:19:38
pointing upwards,0.23,-9.89,-0.51,2021-04-03 18:19:38
pointing upwards,0.23,-9.98,-0.4,2021-04-03 18:19:39
pointing upwards,0.26,-9.97,-0.44,2021-04-03 18:19:39
pointing upwards,0.2,-9.94,-0.5,2021-04-03 18:19:39
pointing upwards,0.23,-9.87,-0.56,2021-04-03 18:19:39
pointing upwards,0.24,-9.92,-0.5,2021-04-03 18:19:39
pointing upwards,0.23,-9.93,-0.54,2021-04-03 18:19:40
pointing upwards,0.25,-9.93,-0.49,2021-04-03 18:19:40
pointing upwards,0.2,-9.9,-0.41,2021-04-03 18:19:40
pointing upwards,0.21,-9.95,-0.49,2021-04-03 18:19:40
pointing upwards,0.21,-9.96,-0.48,2021-04-03 18:19:40
pointing upwards,0.22,-9.96,-0.43,2021-04-03 18:19:41
pointing upwards,0.19,-9.93,-0.51,2021-04-03 18:19:41
pointing upwards,0.2,-9.91,-0.38,2021-04-03 18:19:41
pointing upwards,0.2,-9.96,-0.37,2021-04-03 18:19:41
pointing upwards,0.17,-9.95,-0.54,2021-04-03 18:19:41
pointing upwards,0.21,-9.97,-0.48,2021-04-03 18:19:42
pointing upwards,0.18,-9.94,-0.45,2021-04-03 18:19:42
pointing upwards,0.24,-9.93,-0.44,2021-04-03 18:19:42
pointing upwards,0.19,-9.91,-0.43,2021-04-03 18:19:42
pointing upwards,0.12,-9.91,-0.45,2021-04-03 18:19:42
pointing upwards,0.25,-9.88,-0.51,2021-04-03 18:19:43
pointing upwards,0.13,-9.95,-0.5,2021-04-03 18:19:43
pointing upwards,0.17,-9.93,-0.52,2021-04-03 18:19:43
pointing upwards,0.22,-9.98,-0.5,2021-04-03 18:19:43
pointing upwards,0.15,-9.95,-0.42,2021-04-03 18:19:43
pointing upwards,0.18,-9.96,-0.47,2021-04-03 18:19:44
pointing upwards,0.2,-9.93,-0.48,2021-04-03 18:19:44
pointing upwards,0.21,-9.91,-0.5,2021-04-03 18:19:44
pointing upwards,0.19,-9.92,-0.56,2021-04-03 18:19:44
pointing upwards,0.18,-9.97,-0.4,2021-04-03 18:19:44
pointing upwards,0.19,-9.9,-0.46,2021-04-03 18:19:45
pointing upwards,0.16,-9.88,-0.47,2021-04-03 18:19:45
pointing upwards,0.22,-9.93,-0.5,2021-04-03 18:19:45
pointing upwards,0.19,-9.94,-0.42,2021-04-03 18:19:45
pointing upwards,0.18,-9.93,-0.46,2021-04-03 18:19:45
pointing upwards,0.18,-9.99,-0.44,2021-04-03 18:19:46
pointing upwards,0.22,-9.94,-0.42,2021-04-03 18:19:46
pointing upwards,0.17,-9.95,-0.52,2021-04-03 18:19:46
pointing upwards,0.18,-9.94,-0.49,2021-04-03 18:19:46
pointing upwards,0.19,-9.97,-0.44,2021-04-03 18:19:46
pointing upwards,0.21,-9.96,-0.42,2021-04-03 18:19:47
pointing upwards,0.18,-9.93,-0.41,2021-04-03 18:19:47
pointing upwards,0.24,-9.94,-0.43,2021-04-03 18:19:47
pointing upwards,0.16,-9.95,-0.44,2021-04-03 18:19:47
pointing upwards,0.19,-9.91,-0.43,2021-04-03 18:19:48
pointing upwards,0.24,-9.94,-0.49,2021-04-03 18:19:48
pointing upwards,0.16,-9.95,-0.51,2021-04-03 18:19:48
pointing upwards,0.18,-9.91,-0.48,2021-04-03 18:19:48
pointing upwards,0.2,-9.92,-0.49,2021-04-03 18:19:48
pointing upwards,0.21,-9.87,-0.52,2021-04-03 18:19:49
pointing upwards,0.21,-9.93,-0.45,2021-04-03 18:19:49
pointing upwards,0.17,-9.95,-0.48,2021-04-03 18:19:49
pointing upwards,0.15,-9.93,-0.45,2021-04-03 18:19:49
pointing upwards,0.15,-9.92,-0.4,2021-04-03 18:19:49
pointing upwards,0.18,-9.94,-0.52,2021-04-03 18:19:50
pointing upwards,0.18,-9.94,-0.47,2021-04-03 18:19:50
pointing upwards,0.21,-9.95,-0.43,2021-04-03 18:19:50
pointing upwards,0.19,-9.93,-0.45,2021-04-03 18:19:50
pointing upwards,0.16,-9.94,-0.52,2021-04-03 18:19:50
pointing upwards,0.22,-9.94,-0.5,2021-04-03 18:19:51
pointing upwards,0.19,-10.0,-0.46,2021-04-03 18:19:51
pointing upwards,0.23,-9.97,-0.5,2021-04-03 18:19:51
pointing upwards,0.2,-9.98,-0.5,2021-04-03 18:19:51
pointing upwards,0.19,-9.88,-0.45,2021-04-03 18:19:51
pointing upwards,0.16,-9.92,-0.48,2021-04-03 18:19:52
pointing upwards,0.2,-9.92,-0.41,2021-04-03 18:19:52
pointing upwards,0.21,-9.91,-0.48,2021-04-03 18:19:52
pointing upwards,0.2,-9.9,-0.53,2021-04-03 18:19:52
pointing upwards,0.13,-9.94,-0.47,2021-04-03 18:19:53
pointing upwards,0.21,-9.97,-0.44,2021-04-03 18:19:53
pointing upwards,0.23,-9.95,-0.45,2021-04-03 18:19:53
pointing upwards,0.18,-9.93,-0.44,2021-04-03 18:19:53
pointing upwards,0.19,-9.91,-0.44,2021-04-03 18:19:53
pointing upwards,0.19,-9.95,-0.38,2021-04-03 18:19:53
pointing upwards,0.19,-9.93,-0.48,2021-04-03 18:19:54
pointing upwards,0.19,-9.91,-0.49,2021-04-03 18:19:54
pointing upwards,0.23,-9.88,-0.55,2021-04-03 18:19:54
pointing upwards,0.16,-9.94,-0.51,2021-04-03 18:19:54
pointing upwards,0.16,-9.91,-0.51,2021-04-03 18:19:54
pointing upwards,0.24,-9.93,-0.52,2021-04-03 18:19:55
pointing upwards,0.24,-9.93,-0.46,2021-04-03 18:19:55
pointing upwards,0.23,-9.94,-0.47,2021-04-03 18:19:55
pointing upwards,0.21,-9.91,-0.5,2021-04-03 18:19:55
pointing upwards,0.19,-9.89,-0.49,2021-04-03 18:19:56
pointing upwards,0.2,-9.92,-0.47,2021-04-03 18:19:56
pointing upwards,0.25,-9.9,-0.43,2021-04-03 18:19:56
pointing upwards,0.2,-9.96,-0.52,2021-04-03 18:19:56
pointing upwards,0.17,-9.93,-0.49,2021-04-03 18:19:57
pointing upwards,0.21,-9.98,-0.47,2021-04-03 18:19:57
pointing upwards,0.2,-9.92,-0.45,2021-04-03 18:19:57
pointing upwards,0.2,-9.91,-0.48,2021-04-03 18:19:57
pointing upwards,0.21,-9.9,-0.44,2021-04-03 18:19:57
pointing upwards,0.15,-9.96,-0.44,2021-04-03 18:19:57
pointing upwards,0.23,-9.95,-0.48,2021-04-03 18:19:58
pointing upwards,0.22,-9.93,-0.47,2021-04-03 18:19:58
pointing upwards,0.21,-9.93,-0.5,2021-04-03 18:19:58
pointing upwards,0.18,-9.96,-0.5,2021-04-03 18:19:58
pointing upwards,0.21,-9.93,-0.44,2021-04-03 18:19:58
pointing upwards,0.19,-9.93,-0.43,2021-04-03 18:19:59
pointing upwards,0.24,-9.98,-0.48,2021-04-03 18:19:59
pointing upwards,0.19,-9.91,-0.43,2021-04-03 18:19:59
pointing upwards,0.19,-9.9,-0.43,2021-04-03 18:19:59
pointing upwards,0.22,-9.93,-0.5,2021-04-03 18:19:59
pointing upwards,0.16,-9.88,-0.43,2021-04-03 18:20:00
pointing upwards,0.21,-9.93,-0.42,2021-04-03 18:20:00
pointing upwards,0.19,-9.88,-0.48,2021-04-03 18:20:00
pointing upwards,0.19,-9.99,-0.41,2021-04-03 18:20:00
pointing upwards,0.23,-9.95,-0.47,2021-04-03 18:20:01
pointing upwards,0.19,-9.92,-0.49,2021-04-03 18:20:01
pointing upwards,0.19,-9.91,-0.4,2021-04-03 18:20:01
pointing upwards,0.21,-9.95,-0.47,2021-04-03 18:20:01
pointing upwards,0.2,-9.93,-0.46,2021-04-03 18:20:01
pointing upwards,0.18,-9.95,-0.5,2021-04-03 18:20:01
pointing upwards,0.19,-9.93,-0.44,2021-04-03 18:20:02
pointing upwards,0.15,-9.94,-0.45,2021-04-03 18:20:02
pointing upwards,0.14,-9.93,-0.42,2021-04-03 18:20:02
pointing upwards,0.22,-9.94,-0.54,2021-04-03 18:20:02
pointing upwards,0.2,-9.91,-0.43,2021-04-03 18:20:02
pointing upwards,0.24,-9.94,-0.51,2021-04-03 18:20:03
pointing upwards,0.19,-9.92,-0.48,2021-04-03 18:20:03
pointing upwards,0.19,-9.95,-0.4,2021-04-03 18:20:03
pointing upwards,0.21,-9.91,-0.52,2021-04-03 18:20:03
pointing upwards,0.22,-9.93,-0.44,2021-04-03 18:20:04
pointing upwards,0.18,-9.95,-0.39,2021-04-03 18:20:04
pointing upwards,0.2,-9.92,-0.49,2021-04-03 18:20:04
pointing upwards,0.22,-9.89,-0.52,2021-04-03 18:20:04
pointing upwards,0.18,-9.95,-0.48,2021-04-03 18:20:04
pointing upwards,0.24,-9.91,-0.44,2021-04-03 18:20:05
pointing upwards,0.2,-9.91,-0.49,2021-04-03 18:20:05
pointing upwards,0.21,-9.92,-0.49,2021-04-03 18:20:05
pointing upwards,0.22,-9.96,-0.5,2021-04-03 18:20:05
pointing upwards,0.2,-9.96,-0.49,2021-04-03 18:20:05
pointing upwards,0.21,-9.96,-0.51,2021-04-03 18:20:06
pointing upwards,0.2,-9.95,-0.5,2021-04-03 18:20:06
pointing upwards,0.16,-9.95,-0.47,2021-04-03 18:20:06
pointing upwards,0.17,-9.92,-0.49,2021-04-03 18:20:06
pointing upwards,0.16,-9.98,-0.45,2021-04-03 18:20:06
pointing upwards,0.21,-9.93,-0.51,2021-04-03 18:20:07
pointing upwards,0.17,-9.85,-0.45,2021-04-03 18:20:07
pointing upwards,0.16,-9.95,-0.55,2021-04-03 18:20:07
pointing upwards,0.17,-9.86,-0.51,2021-04-03 18:20:07
pointing upwards,0.2,-9.92,-0.46,2021-04-03 18:20:07
pointing upwards,0.19,-9.89,-0.41,2021-04-03 18:20:08
pointing upwards,0.17,-9.95,-0.44,2021-04-03 18:20:08
pointing upwards,0.18,-9.9,-0.47,2021-04-03 18:20:08
pointing upwards,0.22,-9.94,-0.47,2021-04-03 18:20:08
pointing upwards,0.21,-9.93,-0.43,2021-04-03 18:20:09
pointing upwards,0.16,-9.91,-0.51,2021-04-03 18:20:09
pointing upwards,0.21,-9.93,-0.45,2021-04-03 18:20:09
pointing upwards,0.21,-9.89,-0.42,2021-04-03 18:20:09
pointing upwards,0.16,-9.95,-0.46,2021-04-03 18:20:09
pointing upwards,0.18,-9.93,-0.48,2021-04-03 18:20:09
pointing upwards,0.23,-9.95,-0.51,2021-04-03 18:20:10
pointing upwards,0.18,-9.94,-0.47,2021-04-03 18:20:10
pointing upwards,0.17,-9.91,-0.52,2021-04-03 18:20:10
pointing upwards,0.24,-9.92,-0.48,2021-04-03 18:20:10
pointing upwards,0.25,-9.93,-0.5,2021-04-03 18:20:10
pointing upwards,0.2,-9.9,-0.44,2021-04-03 18:20:11
pointing upwards,0.19,-9.94,-0.42,2021-04-03 18:20:11
pointing upwards,0.21,-9.91,-0.42,2021-04-03 18:20:11
pointing upwards,0.19,-9.95,-0.52,2021-04-03 18:20:11
pointing upwards,0.26,-9.9,-0.47,2021-04-03 18:20:12
pointing upwards,0.21,-9.91,-0.5,2021-04-03 18:20:12
pointing upwards,0.18,-9.92,-0.52,2021-04-03 18:20:12
pointing upwards,0.22,-9.91,-0.45,2021-04-03 18:20:12
pointing upwards,0.19,-9.95,-0.43,2021-04-03 18:20:12
pointing upwards,0.17,-9.95,-0.47,2021-04-03 18:20:12
pointing upwards,0.19,-9.98,-0.47,2021-04-03 18:20:13
pointing upwards,0.23,-9.99,-0.5,2021-04-03 18:20:13
pointing upwards,0.21,-9.97,-0.5,2021-04-03 18:20:13
pointing upwards,0.16,-9.99,-0.53,2021-04-03 18:20:13
pointing upwards,0.22,-9.9,-0.48,2021-04-03 18:20:14
pointing upwards,0.22,-9.89,-0.47,2021-04-03 18:20:14
pointing upwards,0.18,-9.98,-0.5,2021-04-03 18:20:14
pointing upwards,0.2,-9.95,-0.45,2021-04-03 18:20:14
pointing upwards,0.13,-9.98,-0.5,2021-04-03 18:20:14
pointing upwards,0.19,-9.96,-0.49,2021-04-03 18:20:15
pointing upwards,0.19,-9.95,-0.42,2021-04-03 18:20:15
pointing upwards,0.2,-9.96,-0.49,2021-04-03 18:20:15
pointing upwards,0.16,-9.92,-0.45,2021-04-03 18:20:15
pointing upwards,0.21,-9.95,-0.51,2021-04-03 18:20:15
pointing upwards,0.2,-9.93,-0.47,2021-04-03 18:20:16
pointing upwards,0.17,-9.94,-0.47,2021-04-03 18:20:16
pointing upwards,0.19,-9.91,-0.43,2021-04-03 18:20:16
pointing upwards,0.2,-9.96,-0.47,2021-04-03 18:20:16
pointing upwards,0.18,-9.97,-0.39,2021-04-03 18:20:17
pointing upwards,0.14,-9.95,-0.44,2021-04-03 18:20:17
pointing upwards,0.18,-9.93,-0.48,2021-04-03 18:20:17
pointing upwards,0.21,-9.93,-0.51,2021-04-03 18:20:17
pointing upwards,0.16,-9.88,-0.4,2021-04-03 18:20:17
pointing upwards,0.22,-9.92,-0.42,2021-04-03 18:20:17
pointing upwards,0.19,-9.94,-0.47,2021-04-03 18:20:18
pointing upwards,0.17,-9.93,-0.53,2021-04-03 18:20:18
pointing upwards,0.2,-9.94,-0.41,2021-04-03 18:20:18
pointing upwards,0.19,-9.93,-0.55,2021-04-03 18:20:18
pointing upwards,0.16,-9.96,-0.44,2021-04-03 18:20:18
pointing upwards,0.18,-9.93,-0.52,2021-04-03 18:20:19
pointing upwards,0.18,-9.98,-0.54,2021-04-03 18:20:19
pointing upwards,0.21,-9.9,-0.46,2021-04-03 18:20:19
pointing upwards,0.21,-9.94,-0.41,2021-04-03 18:20:19
pointing upwards,0.21,-9.87,-0.52,2021-04-03 18:20:19
pointing upwards,0.19,-9.95,-0.42,2021-04-03 18:20:20
pointing upwards,0.17,-9.96,-0.48,2021-04-03 18:20:20
pointing upwards,0.16,-9.93,-0.45,2021-04-03 18:20:20
pointing upwards,0.23,-9.95,-0.48,2021-04-03 18:20:20
pointing upwards,0.21,-9.87,-0.48,2021-04-03 18:20:20
pointing upwards,0.21,-9.9,-0.44,2021-04-03 18:20:21
pointing upwards,0.19,-9.91,-0.4,2021-04-03 18:20:21
pointing upwards,0.2,-9.93,-0.41,2021-04-03 18:20:21
pointing upwards,0.23,-9.96,-0.47,2021-04-03 18:20:21
pointing upwards,0.16,-9.92,-0.41,2021-04-03 18:20:21
pointing upwards,0.21,-9.91,-0.48,2021-04-03 18:20:22
pointing upwards,0.18,-9.95,-0.51,2021-04-03 18:20:22
pointing upwards,0.19,-9.93,-0.52,2021-04-03 18:20:22
pointing upwards,0.22,-9.94,-0.4,2021-04-03 18:20:22
pointing upwards,0.24,-9.96,-0.44,2021-04-03 18:20:23
pointing upwards,0.17,-9.98,-0.45,2021-04-03 18:20:23
pointing upwards,0.15,-9.95,-0.5,2021-04-03 18:20:23
pointing upwards,0.21,-9.96,-0.5,2021-04-03 18:20:23
pointing upwards,0.16,-9.92,-0.54,2021-04-03 18:20:23
pointing upwards,0.22,-9.92,-0.46,2021-04-03 18:20:24
pointing upwards,0.2,-9.96,-0.48,2021-04-03 18:20:24
pointing upwards,0.2,-9.91,-0.54,2021-04-03 18:20:24
pointing upwards,0.21,-10.0,-0.51,2021-04-03 18:20:24
pointing upwards,0.18,-9.9,-0.43,2021-04-03 18:20:24
pointing upwards,0.21,-9.95,-0.48,2021-04-03 18:20:25
pointing upwards,0.18,-9.95,-0.47,2021-04-03 18:20:25
pointing upwards,0.2,-9.91,-0.5,2021-04-03 18:20:25
pointing upwards,0.23,-9.93,-0.41,2021-04-03 18:20:25
pointing upwards,0.22,-9.88,-0.41,2021-04-03 18:20:26
pointing upwards,0.18,-9.91,-0.5,2021-04-03 18:20:26
pointing upwards,0.24,-9.97,-0.48,2021-04-03 18:20:26
pointing upwards,0.18,-9.93,-0.46,2021-04-03 18:20:26
pointing upwards,0.21,-9.96,-0.48,2021-04-03 18:20:26
pointing upwards,0.16,-9.92,-0.42,2021-04-03 18:20:26
pointing upwards,0.21,-9.91,-0.49,2021-04-03 18:20:27
pointing upwards,0.19,-9.92,-0.45,2021-04-03 18:20:27
pointing upwards,0.18,-9.89,-0.45,2021-04-03 18:20:27
pointing upwards,0.21,-9.96,-0.47,2021-04-03 18:20:27
pointing upwards,0.19,-9.96,-0.52,2021-04-03 18:20:27
pointing upwards,0.23,-9.91,-0.43,2021-04-03 18:20:28
pointing upwards,0.18,-9.99,-0.55,2021-04-03 18:20:28
pointing upwards,0.18,-9.93,-0.5,2021-04-03 18:20:28
pointing upwards,0.2,-9.93,-0.48,2021-04-03 18:20:28
pointing upwards,0.19,-9.95,-0.41,2021-04-03 18:20:28
pointing upwards,0.2,-9.95,-0.46,2021-04-03 18:20:29
pointing upwards,0.25,-9.95,-0.42,2021-04-03 18:20:29
pointing upwards,0.2,-9.93,-0.49,2021-04-03 18:20:29
pointing upwards,0.15,-9.94,-0.44,2021-04-03 18:20:29
pointing upwards,0.17,-9.87,-0.49,2021-04-03 18:20:29
pointing upwards,0.2,-10.02,-0.56,2021-04-03 18:20:30
pointing upwards,0.19,-9.92,-0.5,2021-04-03 18:20:30
pointing upwards,0.19,-9.88,-0.46,2021-04-03 18:20:30
pointing upwards,0.2,-9.92,-0.51,2021-04-03 18:20:30
pointing upwards,0.16,-9.9,-0.41,2021-04-03 18:20:30
pointing upwards,0.22,-9.97,-0.51,2021-04-03 18:20:31
pointing upwards,0.14,-9.9,-0.41,2021-04-03 18:20:31
pointing upwards,0.19,-9.97,-0.44,2021-04-03 18:20:31
pointing upwards,0.16,-9.94,-0.5,2021-04-03 18:20:31
pointing upwards,0.21,-9.94,-0.52,2021-04-03 18:20:32
pointing upwards,0.16,-9.93,-0.45,2021-04-03 18:20:32
pointing upwards,0.21,-10.01,-0.42,2021-04-03 18:20:32
pointing upwards,0.15,-9.94,-0.41,2021-04-03 18:20:32
pointing upwards,0.2,-9.89,-0.43,2021-04-03 18:20:32
pointing upwards,0.17,-9.97,-0.5,2021-04-03 18:20:33
pointing upwards,0.19,-10.0,-0.49,2021-04-03 18:20:33
pointing upwards,0.15,-9.93,-0.48,2021-04-03 18:20:33
pointing upwards,0.18,-9.93,-0.45,2021-04-03 18:20:33
pointing upwards,0.16,-9.92,-0.42,2021-04-03 18:20:34
pointing upwards,0.16,-9.99,-0.5,2021-04-03 18:20:34
pointing upwards,0.22,-9.97,-0.52,2021-04-03 18:20:34
pointing upwards,0.2,-9.97,-0.54,2021-04-03 18:20:34
pointing upwards,0.2,-9.93,-0.44,2021-04-03 18:20:34
pointing upwards,0.18,-9.91,-0.46,2021-04-03 18:20:34
pointing upwards,0.15,-9.95,-0.51,2021-04-03 18:20:35
pointing upwards,0.19,-9.91,-0.41,2021-04-03 18:20:35
pointing upwards,0.21,-10.0,-0.52,2021-04-03 18:20:35
pointing upwards,0.17,-9.91,-0.49,2021-04-03 18:20:35
pointing upwards,0.25,-9.96,-0.49,2021-04-03 18:20:35
pointing upwards,0.23,-9.93,-0.48,2021-04-03 18:20:36
pointing upwards,0.22,-9.97,-0.46,2021-04-03 18:20:36
pointing upwards,0.18,-9.94,-0.46,2021-04-03 18:20:36
pointing upwards,0.11,-9.94,-0.52,2021-04-03 18:20:36
pointing upwards,0.16,-9.96,-0.47,2021-04-03 18:20:37
pointing upwards,0.19,-9.93,-0.46,2021-04-03 18:20:37
pointing upwards,0.21,-9.96,-0.48,2021-04-03 18:20:37
pointing upwards,0.18,-9.93,-0.5,2021-04-03 18:20:37
pointing upwards,0.21,-9.97,-0.51,2021-04-03 18:20:37
pointing upwards,0.2,-9.92,-0.54,2021-04-03 18:20:37
pointing upwards,0.17,-9.92,-0.47,2021-04-03 18:20:38
pointing upwards,0.15,-9.95,-0.43,2021-04-03 18:20:38
pointing upwards,0.16,-9.94,-0.38,2021-04-03 18:20:38
pointing upwards,0.17,-9.95,-0.44,2021-04-03 18:20:38
pointing upwards,0.21,-9.93,-0.38,2021-04-03 18:20:38
pointing upwards,0.23,-9.96,-0.45,2021-04-03 18:20:39
pointing upwards,0.18,-9.94,-0.48,2021-04-03 18:20:39
pointing upwards,0.17,-9.91,-0.39,2021-04-03 18:20:39
pointing upwards,0.17,-9.92,-0.5,2021-04-03 18:20:39
pointing upwards,0.17,-9.95,-0.42,2021-04-03 18:20:39
pointing upwards,0.15,-9.9,-0.45,2021-04-03 18:20:40
pointing upwards,0.2,-9.93,-0.48,2021-04-03 18:20:40
pointing upwards,0.21,-9.93,-0.56,2021-04-03 18:20:40
pointing upwards,0.22,-9.94,-0.4,2021-04-03 18:20:40
pointing upwards,0.19,-9.92,-0.42,2021-04-03 18:20:40
pointing upwards,0.17,-10.0,-0.49,2021-04-03 18:20:41
pointing upwards,0.2,-9.92,-0.54,2021-04-03 18:20:41
pointing upwards,0.15,-9.95,-0.39,2021-04-03 18:20:41
pointing upwards,0.18,-9.91,-0.47,2021-04-03 18:20:41
pointing upwards,0.19,-9.93,-0.43,2021-04-03 18:20:42
pointing upwards,0.21,-9.95,-0.46,2021-04-03 18:20:42
pointing upwards,0.2,-9.9,-0.47,2021-04-03 18:20:42
pointing upwards,0.2,-9.92,-0.5,2021-04-03 18:20:42
pointing upwards,0.19,-9.95,-0.46,2021-04-03 18:20:43
pointing upwards,0.18,-9.88,-0.53,2021-04-03 18:20:43
pointing upwards,0.21,-9.93,-0.58,2021-04-03 18:20:43
pointing upwards,0.17,-9.9,-0.49,2021-04-03 18:20:43
pointing upwards,0.23,-9.92,-0.43,2021-04-03 18:20:43
pointing upwards,0.21,-9.96,-0.51,2021-04-03 18:20:44
pointing upwards,0.21,-9.93,-0.48,2021-04-03 18:20:44
pointing upwards,0.16,-9.93,-0.49,2021-04-03 18:20:44
pointing upwards,0.22,-9.95,-0.54,2021-04-03 18:20:44
pointing upwards,0.17,-9.93,-0.51,2021-04-03 18:20:44
pointing upwards,0.18,-9.92,-0.48,2021-04-03 18:20:45
pointing upwards,0.19,-9.95,-0.43,2021-04-03 18:20:45
pointing upwards,0.17,-9.9,-0.52,2021-04-03 18:20:45
pointing upwards,0.17,-9.9,-0.51,2021-04-03 18:20:45
pointing upwards,0.19,-9.91,-0.45,2021-04-03 18:20:45
pointing upwards,0.17,-9.94,-0.49,2021-04-03 18:20:46
pointing upwards,0.23,-9.89,-0.43,2021-04-03 18:20:46
pointing upwards,0.12,-9.91,-0.52,2021-04-03 18:20:46
pointing upwards,0.16,-9.97,-0.49,2021-04-03 18:20:46
pointing upwards,0.15,-9.91,-0.42,2021-04-03 18:20:46
pointing upwards,0.2,-9.94,-0.49,2021-04-03 18:20:47
pointing upwards,0.23,-9.94,-0.49,2021-04-03 18:20:47
pointing upwards,0.24,-9.92,-0.47,2021-04-03 18:20:47
pointing upwards,0.17,-9.92,-0.47,2021-04-03 18:20:47
pointing upwards,0.25,-9.97,-0.51,2021-04-03 18:20:47
pointing upwards,0.23,-9.98,-0.52,2021-04-03 18:20:48
pointing upwards,0.2,-9.92,-0.44,2021-04-03 18:20:48
pointing upwards,0.21,-9.95,-0.51,2021-04-03 18:20:48
pointing upwards,0.24,-9.91,-0.49,2021-04-03 18:20:48
pointing upwards,0.17,-9.97,-0.45,2021-04-03 18:20:48
pointing upwards,0.17,-9.96,-0.45,2021-04-03 18:20:49
pointing upwards,0.22,-9.87,-0.48,2021-04-03 18:20:49
pointing upwards,0.25,-9.88,-0.43,2021-04-03 18:20:49
pointing upwards,0.22,-9.95,-0.47,2021-04-03 18:20:49
pointing upwards,0.15,-9.97,-0.41,2021-04-03 18:20:49
pointing upwards,0.22,-9.91,-0.41,2021-04-03 18:20:50
pointing upwards,0.18,-9.98,-0.56,2021-04-03 18:20:50
pointing upwards,0.16,-9.93,-0.49,2021-04-03 18:20:50
pointing upwards,0.22,-9.87,-0.43,2021-04-03 18:20:50
pointing upwards,0.14,-9.93,-0.43,2021-04-03 18:20:51
pointing upwards,0.17,-9.95,-0.49,2021-04-03 18:20:51
pointing upwards,0.22,-9.93,-0.47,2021-04-03 18:20:51
pointing upwards,0.21,-9.94,-0.48,2021-04-03 18:20:51
pointing upwards,0.2,-9.89,-0.39,2021-04-03 18:20:51
pointing upwards,0.18,-9.87,-0.49,2021-04-03 18:20:52
pointing upwards,0.15,-9.93,-0.5,2021-04-03 18:20:52
pointing upwards,0.24,-9.97,-0.44,2021-04-03 18:20:52
pointing upwards,0.19,-9.97,-0.43,2021-04-03 18:20:52
pointing upwards,0.21,-9.92,-0.46,2021-04-03 18:20:52
pointing upwards,0.18,-9.96,-0.45,2021-04-03 18:20:53
pointing upwards,0.17,-9.97,-0.52,2021-04-03 18:20:53
pointing upwards,0.17,-9.87,-0.46,2021-04-03 18:20:53
pointing upwards,0.12,-9.91,-0.46,2021-04-03 18:20:53
pointing upwards,0.19,-9.89,-0.44,2021-04-03 18:20:53
pointing upwards,0.17,-10.01,-0.49,2021-04-03 18:20:54
pointing upwards,0.17,-9.96,-0.42,2021-04-03 18:20:54
pointing upwards,0.17,-9.97,-0.46,2021-04-03 18:20:54
pointing upwards,0.18,-9.93,-0.47,2021-04-03 18:20:54
pointing upwards,0.21,-9.92,-0.48,2021-04-03 18:20:54
pointing upwards,0.19,-9.96,-0.48,2021-04-03 18:20:55
pointing upwards,0.19,-9.92,-0.49,2021-04-03 18:20:55
pointing upwards,0.18,-9.93,-0.51,2021-04-03 18:20:55
pointing upwards,0.2,-9.91,-0.44,2021-04-03 18:20:55
pointing upwards,0.21,-9.94,-0.5,2021-04-03 18:20:55
pointing upwards,0.18,-9.96,-0.48,2021-04-03 18:20:56
pointing upwards,0.21,-9.9,-0.49,2021-04-03 18:20:56
pointing upwards,0.26,-9.92,-0.52,2021-04-03 18:20:56
pointing upwards,0.2,-9.91,-0.42,2021-04-03 18:20:56
pointing upwards,0.21,-9.94,-0.49,2021-04-03 18:20:56
pointing upwards,0.18,-9.9,-0.43,2021-04-03 18:20:57
pointing upwards,0.19,-9.95,-0.43,2021-04-03 18:20:57
pointing upwards,0.23,-9.95,-0.48,2021-04-03 18:20:57
pointing upwards,0.18,-9.88,-0.44,2021-04-03 18:20:57
pointing upwards,0.2,-9.93,-0.48,2021-04-03 18:20:57
pointing upwards,0.19,-9.96,-0.47,2021-04-03 18:20:58
pointing upwards,0.21,-9.91,-0.39,2021-04-03 18:20:58
pointing upwards,0.17,-9.91,-0.44,2021-04-03 18:20:58
pointing upwards,0.14,-9.94,-0.36,2021-04-03 18:20:58
pointing upwards,0.21,-9.96,-0.47,2021-04-03 18:20:58
pointing upwards,0.18,-9.91,-0.42,2021-04-03 18:20:59
pointing upwards,0.2,-9.91,-0.48,2021-04-03 18:20:59
pointing upwards,0.19,-9.93,-0.46,2021-04-03 18:20:59
pointing upwards,0.18,-9.92,-0.49,2021-04-03 18:20:59
pointing upwards,0.18,-9.98,-0.49,2021-04-03 18:21:00
pointing upwards,0.2,-9.93,-0.46,2021-04-03 18:21:00
pointing upwards,0.19,-9.93,-0.48,2021-04-03 18:21:00
pointing upwards,0.19,-9.98,-0.47,2021-04-03 18:21:00
pointing upwards,0.15,-9.95,-0.52,2021-04-03 18:21:01
pointing upwards,0.23,-9.92,-0.5,2021-04-03 18:21:01
pointing upwards,0.23,-9.93,-0.54,2021-04-03 18:21:01
pointing upwards,0.18,-9.92,-0.51,2021-04-03 18:21:01
pointing upwards,0.17,-9.92,-0.58,2021-04-03 18:21:01
pointing upwards,0.17,-9.93,-0.48,2021-04-03 18:21:01
pointing upwards,0.15,-9.94,-0.51,2021-04-03 18:21:02
pointing upwards,0.19,-9.93,-0.42,2021-04-03 18:21:02
pointing upwards,0.16,-9.9,-0.46,2021-04-03 18:21:02
pointing upwards,0.18,-9.99,-0.45,2021-04-03 18:21:02
pointing upwards,0.22,-9.96,-0.47,2021-04-03 18:21:02
pointing upwards,0.2,-9.99,-0.5,2021-04-03 18:21:03
pointing upwards,0.15,-9.97,-0.45,2021-04-03 18:21:03
pointing upwards,0.17,-9.91,-0.56,2021-04-03 18:21:03
pointing upwards,0.19,-9.94,-0.52,2021-04-03 18:21:03
pointing upwards,0.24,-9.9,-0.42,2021-04-03 18:21:03
pointing upwards,0.14,-9.94,-0.51,2021-04-03 18:21:04
pointing upwards,0.15,-9.96,-0.52,2021-04-03 18:21:04
pointing upwards,0.19,-9.94,-0.43,2021-04-03 18:21:04
pointing upwards,0.18,-9.94,-0.5,2021-04-03 18:21:04
pointing upwards,0.23,-9.94,-0.48,2021-04-03 18:21:04
pointing upwards,0.15,-9.9,-0.47,2021-04-03 18:21:05
pointing upwards,0.21,-9.86,-0.49,2021-04-03 18:21:05
pointing upwards,0.19,-9.92,-0.46,2021-04-03 18:21:05
pointing upwards,0.15,-9.93,-0.43,2021-04-03 18:21:05
pointing upwards,0.17,-9.98,-0.49,2021-04-03 18:21:05
pointing upwards,0.22,-9.92,-0.46,2021-04-03 18:21:06
pointing upwards,0.17,-9.94,-0.47,2021-04-03 18:21:06
pointing upwards,0.17,-9.94,-0.41,2021-04-03 18:21:06
pointing upwards,0.16,-9.94,-0.58,2021-04-03 18:21:06
pointing upwards,0.2,-9.92,-0.44,2021-04-03 18:21:06
pointing upwards,0.24,-9.93,-0.5,2021-04-03 18:21:07
pointing upwards,0.15,-9.91,-0.46,2021-04-03 18:21:07
pointing upwards,0.19,-9.93,-0.5,2021-04-03 18:21:07
pointing upwards,0.17,-9.94,-0.46,2021-04-03 18:21:07
pointing upwards,0.18,-9.95,-0.49,2021-04-03 18:21:08
pointing upwards,0.19,-9.91,-0.43,2021-04-03 18:21:08
pointing upwards,0.15,-9.94,-0.44,2021-04-03 18:21:08
pointing upwards,0.21,-9.93,-0.45,2021-04-03 18:21:08
pointing upwards,0.15,-9.89,-0.55,2021-04-03 18:21:09
pointing upwards,0.18,-9.93,-0.52,2021-04-03 18:21:09
pointing upwards,0.1,-9.94,-0.41,2021-04-03 18:21:09
pointing upwards,-0.14,-9.93,-0.48,2021-04-03 18:21:09
pointing upwards,-0.13,-9.94,-0.53,2021-04-03 18:21:09
pointing upwards,-0.14,-9.98,-0.46,2021-04-03 18:21:09
pointing upwards,-0.16,-9.91,-0.46,2021-04-03 18:21:10
pointing upwards,-0.14,-9.96,-0.43,2021-04-03 18:21:10
pointing upwards,-0.17,-9.91,-0.49,2021-04-03 18:21:10
pointing upwards,-0.15,-9.9,-0.49,2021-04-03 18:21:10
pointing upwards,-0.17,-9.91,-0.5,2021-04-03 18:21:10
pointing upwards,-0.15,-9.9,-0.49,2021-04-03 18:21:11
pointing upwards,-0.12,-9.94,-0.48,2021-04-03 18:21:11
pointing upwards,-0.15,-9.94,-0.51,2021-04-03 18:21:11
pointing upwards,-0.2,-9.93,-0.52,2021-04-03 18:21:11
pointing upwards,-0.16,-9.9,-0.5,2021-04-03 18:21:11
pointing upwards,-0.2,-9.93,-0.44,2021-04-03 18:21:12
pointing upwards,-0.14,-9.89,-0.46,2021-04-03 18:21:12
pointing upwards,-0.14,-9.94,-0.42,2021-04-03 18:21:12
pointing upwards,-0.24,-9.98,-0.45,2021-04-03 18:21:12
pointing upwards,-0.17,-9.96,-0.47,2021-04-03 18:21:13
pointing upwards,-0.17,-9.88,-0.5,2021-04-03 18:21:13
pointing upwards,-0.17,-9.91,-0.48,2021-04-03 18:21:13
pointing upwards,-0.19,-9.89,-0.43,2021-04-03 18:21:13
pointing upwards,-0.21,-9.91,-0.42,2021-04-03 18:21:13
pointing upwards,-0.18,-9.92,-0.53,2021-04-03 18:21:13
pointing upwards,-0.22,-9.9,-0.49,2021-04-03 18:21:14
pointing upwards,-0.19,-9.95,-0.56,2021-04-03 18:21:14
pointing upwards,-0.17,-9.92,-0.51,2021-04-03 18:21:14
pointing upwards,-0.22,-9.88,-0.54,2021-04-03 18:21:14
pointing upwards,-0.19,-9.91,-0.47,2021-04-03 18:21:14
pointing upwards,-0.19,-9.93,-0.46,2021-04-03 18:21:15
pointing upwards,-0.21,-9.88,-0.52,2021-04-03 18:21:15
pointing upwards,-0.21,-9.92,-0.52,2021-04-03 18:21:15
pointing upwards,-0.17,-9.86,-0.51,2021-04-03 18:21:15
pointing upwards,-0.18,-9.94,-0.5,2021-04-03 18:21:15
pointing upwards,-0.18,-9.87,-0.52,2021-04-03 18:21:16
pointing upwards,-0.19,-9.92,-0.49,2021-04-03 18:21:16
pointing upwards,-0.18,-9.94,-0.5,2021-04-03 18:21:16
pointing upwards,-0.14,-9.91,-0.48,2021-04-03 18:21:16
pointing upwards,-0.21,-9.96,-0.55,2021-04-03 18:21:16
pointing upwards,-0.24,-9.92,-0.46,2021-04-03 18:21:17
pointing upwards,-0.16,-9.93,-0.5,2021-04-03 18:21:17
pointing upwards,-0.17,-9.95,-0.48,2021-04-03 18:21:17
pointing upwards,-0.2,-9.95,-0.42,2021-04-03 18:21:17
pointing upwards,-0.29,-9.99,-0.57,2021-04-03 18:21:17
pointing upwards,-0.16,-9.86,-0.44,2021-04-03 18:21:18
pointing upwards,-0.08,-10.08,-0.54,2021-04-03 18:21:18
pointing upwards,-0.07,-9.96,-0.54,2021-04-03 18:21:18
pointing upwards,-0.07,-9.95,-0.45,2021-04-03 18:21:18
pointing upwards,-0.06,-9.89,-0.46,2021-04-03 18:21:19
pointing upwards,-0.11,-9.91,-0.54,2021-04-03 18:21:19
pointing upwards,-0.09,-9.93,-0.49,2021-04-03 18:21:19
pointing upwards,-0.07,-9.92,-0.5,2021-04-03 18:21:19
pointing upwards,-0.06,-9.89,-0.5,2021-04-03 18:21:19
pointing upwards,-0.09,-9.94,-0.42,2021-04-03 18:21:20
pointing upwards,-0.08,-9.9,-0.42,2021-04-03 18:21:20
pointing upwards,-0.09,-9.93,-0.54,2021-04-03 18:21:20
pointing upwards,-0.09,-9.95,-0.54,2021-04-03 18:21:20
pointing upwards,-0.09,-9.92,-0.47,2021-04-03 18:21:20
pointing upwards,-0.08,-9.89,-0.55,2021-04-03 18:21:21
pointing upwards,-0.08,-9.93,-0.53,2021-04-03 18:21:21
pointing upwards,-0.17,-9.91,-0.45,2021-04-03 18:21:21
pointing upwards,-0.14,-9.89,-0.58,2021-04-03 18:21:21
pointing upwards,-0.12,-9.9,-0.52,2021-04-03 18:21:21
pointing upwards,-0.13,-9.91,-0.48,2021-04-03 18:21:22
pointing upwards,-0.13,-9.95,-0.46,2021-04-03 18:21:22
pointing upwards,-0.17,-9.91,-0.57,2021-04-03 18:21:22
pointing upwards,-0.14,-9.9,-0.51,2021-04-03 18:21:22
pointing upwards,-0.2,-9.93,-0.51,2021-04-03 18:21:22
pointing upwards,-0.16,-9.93,-0.47,2021-04-03 18:21:23
pointing upwards,-0.18,-9.94,-0.48,2021-04-03 18:21:23
pointing upwards,-0.13,-9.92,-0.49,2021-04-03 18:21:23
pointing upwards,-0.14,-9.94,-0.47,2021-04-03 18:21:23
pointing upwards,-0.15,-9.93,-0.51,2021-04-03 18:21:23
pointing upwards,-0.11,-9.91,-0.53,2021-04-03 18:21:24
pointing upwards,-0.12,-9.95,-0.48,2021-04-03 18:21:24
pointing upwards,-0.12,-9.95,-0.47,2021-04-03 18:21:24
pointing upwards,-0.08,-9.91,-0.52,2021-04-03 18:21:24
pointing upwards,-0.06,-9.95,-0.5,2021-04-03 18:21:24
pointing upwards,-0.12,-9.91,-0.58,2021-04-03 18:21:25
pointing upwards,-0.19,-9.9,-0.61,2021-04-03 18:21:25
pointing upwards,-0.02,-9.9,-0.48,2021-04-03 18:21:25
pointing upwards,-0.03,-9.87,-0.52,2021-04-03 18:21:25
pointing upwards,-0.05,-9.92,-0.52,2021-04-03 18:21:25
pointing upwards,-0.08,-9.92,-0.5,2021-04-03 18:21:26
pointing upwards,-0.08,-9.91,-0.59,2021-04-03 18:21:26
pointing upwards,0.0,-9.94,-0.52,2021-04-03 18:21:26
pointing upwards,-0.29,-9.87,-0.51,2021-04-03 18:21:26
pointing upwards,0.16,-9.95,-0.52,2021-04-03 18:21:26
pointing upwards,0.36,-9.92,-0.47,2021-04-03 18:21:27
pointing upwards,0.46,-9.93,-0.45,2021-04-03 18:21:27
pointing upwards,0.34,-9.94,-0.44,2021-04-03 18:21:27
pointing upwards,0.26,-9.92,-0.52,2021-04-03 18:21:27
pointing upwards,0.12,-9.93,-0.47,2021-04-03 18:21:28
pointing upwards,0.17,-9.93,-0.51,2021-04-03 18:21:28
pointing upwards,0.1,-9.97,-0.52,2021-04-03 18:21:28
pointing upwards,0.05,-9.96,-0.54,2021-04-03 18:21:28
pointing upwards,-0.06,-9.91,-0.56,2021-04-03 18:21:28
pointing upwards,-0.09,-9.91,-0.47,2021-04-03 18:21:29
pointing upwards,-0.08,-9.95,-0.52,2021-04-03 18:21:29
pointing upwards,-0.07,-9.94,-0.53,2021-04-03 18:21:29
pointing upwards,-0.1,-9.89,-0.49,2021-04-03 18:21:29
pointing upwards,-0.2,-9.92,-0.54,2021-04-03 18:21:29
pointing upwards,-0.22,-9.88,-0.46,2021-04-03 18:21:30
pointing upwards,-0.21,-9.92,-0.51,2021-04-03 18:21:30
pointing upwards,-0.13,-9.93,-0.61,2021-04-03 18:21:30
pointing upwards,-0.13,-9.93,-0.4,2021-04-03 18:21:30
pointing upwards,-0.11,-9.95,-0.55,2021-04-03 18:21:30
pointing upwards,-0.13,-9.92,-0.5,2021-04-03 18:21:31
pointing upwards,-0.12,-9.9,-0.46,2021-04-03 18:21:31
pointing upwards,-0.14,-9.9,-0.49,2021-04-03 18:21:31
pointing upwards,-0.12,-9.88,-0.49,2021-04-03 18:21:31
pointing upwards,-0.11,-9.87,-0.53,2021-04-03 18:21:31
pointing upwards,-0.09,-9.9,-0.49,2021-04-03 18:21:32
pointing upwards,-0.14,-9.97,-0.49,2021-04-03 18:21:32
pointing upwards,-0.13,-9.93,-0.52,2021-04-03 18:21:32
pointing upwards,-0.14,-9.93,-0.45,2021-04-03 18:21:32
pointing upwards,-0.11,-9.96,-0.54,2021-04-03 18:21:32
pointing upwards,-0.15,-9.9,-0.47,2021-04-03 18:21:33
pointing upwards,-0.11,-9.89,-0.49,2021-04-03 18:21:33
pointing upwards,-0.08,-9.89,-0.53,2021-04-03 18:21:33
pointing upwards,-0.08,-9.96,-0.53,2021-04-03 18:21:33
pointing upwards,-0.13,-9.94,-0.46,2021-04-03 18:21:33
pointing upwards,-0.1,-9.96,-0.53,2021-04-03 18:21:34
pointing upwards,-0.11,-9.95,-0.52,2021-04-03 18:21:34
pointing upwards,-0.12,-9.91,-0.48,2021-04-03 18:21:34
pointing upwards,-0.14,-9.96,-0.52,2021-04-03 18:21:34
pointing upwards,-0.12,-9.93,-0.53,2021-04-03 18:21:34
pointing upwards,-0.11,-9.91,-0.57,2021-04-03 18:21:35
pointing upwards,-0.1,-9.91,-0.43,2021-04-03 18:21:35
pointing upwards,-0.06,-9.93,-0.51,2021-04-03 18:21:35
pointing upwards,-0.11,-9.92,-0.43,2021-04-03 18:21:35
pointing upwards,-0.12,-9.92,-0.5,2021-04-03 18:21:35
pointing upwards,-0.12,-9.94,-0.48,2021-04-03 18:21:36
pointing upwards,-0.12,-9.99,-0.49,2021-04-03 18:21:36
pointing upwards,-0.11,-9.91,-0.52,2021-04-03 18:21:36
pointing upwards,-0.11,-9.91,-0.49,2021-04-03 18:21:36
pointing upwards,-0.09,-9.89,-0.42,2021-04-03 18:21:36
pointing upwards,-0.12,-9.9,-0.44,2021-04-03 18:21:37
pointing upwards,-0.09,-9.87,-0.5,2021-04-03 18:21:37
pointing upwards,-0.07,-9.91,-0.51,2021-04-03 18:21:37
pointing upwards,-0.11,-10.0,-0.57,2021-04-03 18:21:37
pointing upwards,-0.16,-9.88,-0.48,2021-04-03 18:21:38
pointing upwards,-0.13,-9.92,-0.55,2021-04-03 18:21:38
pointing upwards,-0.1,-9.94,-0.4,2021-04-03 18:21:38
pointing upwards,-0.06,-9.91,-0.51,2021-04-03 18:21:38
pointing upwards,-0.1,-9.96,-0.41,2021-04-03 18:21:38
pointing upwards,-0.08,-9.93,-0.51,2021-04-03 18:21:39
pointing upwards,-0.1,-9.93,-0.46,2021-04-03 18:21:39
pointing upwards,-0.09,-9.94,-0.54,2021-04-03 18:21:39
pointing upwards,-0.05,-9.97,-0.54,2021-04-03 18:21:39
pointing upwards,-0.08,-9.93,-0.5,2021-04-03 18:21:39
pointing upwards,-0.09,-9.93,-0.47,2021-04-03 18:21:40
pointing upwards,-0.09,-9.91,-0.54,2021-04-03 18:21:40
pointing upwards,-0.05,-9.96,-0.57,2021-04-03 18:21:40
pointing upwards,-0.09,-9.98,-0.53,2021-04-03 18:21:40
pointing upwards,-0.12,-9.92,-0.51,2021-04-03 18:21:40
pointing upwards,-0.11,-9.97,-0.48,2021-04-03 18:21:41
pointing upwards,-0.08,-9.93,-0.5,2021-04-03 18:21:41
pointing upwards,-0.08,-9.87,-0.47,2021-04-03 18:21:41
pointing upwards,-0.14,-9.93,-0.48,2021-04-03 18:21:41
pointing upwards,-0.11,-9.95,-0.45,2021-04-03 18:21:41
pointing upwards,-0.11,-9.89,-0.47,2021-04-03 18:21:42
pointing upwards,-0.08,-9.95,-0.51,2021-04-03 18:21:42
pointing upwards,-0.05,-9.91,-0.48,2021-04-03 18:21:42
pointing upwards,-0.1,-9.93,-0.5,2021-04-03 18:21:42
pointing upwards,-0.1,-9.92,-0.56,2021-04-03 18:21:42
pointing upwards,-0.14,-9.95,-0.49,2021-04-03 18:21:43
pointing upwards,-0.08,-9.93,-0.58,2021-04-03 18:21:43
pointing upwards,-0.13,-9.93,-0.44,2021-04-03 18:21:43
pointing upwards,-0.14,-9.97,-0.53,2021-04-03 18:21:43
pointing upwards,-0.1,-9.91,-0.46,2021-04-03 18:21:43
pointing upwards,-0.14,-9.95,-0.41,2021-04-03 18:21:44
pointing upwards,-0.06,-9.92,-0.5,2021-04-03 18:21:44
pointing upwards,-0.13,-9.88,-0.51,2021-04-03 18:21:44
pointing upwards,-0.09,-9.93,-0.51,2021-04-03 18:21:44
pointing upwards,-0.14,-9.91,-0.57,2021-04-03 18:21:44
pointing upwards,-0.08,-9.92,-0.53,2021-04-03 18:21:45
pointing upwards,-0.13,-9.88,-0.49,2021-04-03 18:21:45
pointing upwards,-0.08,-9.9,-0.45,2021-04-03 18:21:45
pointing upwards,-0.03,-9.96,-0.44,2021-04-03 18:21:45
pointing upwards,-0.08,-9.9,-0.53,2021-04-03 18:21:45
pointing upwards,-0.14,-9.9,-0.47,2021-04-03 18:21:46
pointing upwards,-0.14,-9.98,-0.51,2021-04-03 18:21:46
pointing upwards,-0.08,-9.95,-0.42,2021-04-03 18:21:46
pointing upwards,-0.14,-9.94,-0.5,2021-04-03 18:21:46
pointing upwards,-0.06,-9.96,-0.46,2021-04-03 18:21:47
pointing upwards,-0.1,-9.9,-0.47,2021-04-03 18:21:47
pointing upwards,-0.15,-9.93,-0.53,2021-04-03 18:21:47
pointing upwards,-0.16,-9.89,-0.48,2021-04-03 18:21:47
pointing upwards,-0.14,-9.89,-0.49,2021-04-03 18:21:47
pointing upwards,-0.14,-9.91,-0.5,2021-04-03 18:21:48
pointing upwards,-0.13,-9.93,-0.48,2021-04-03 18:21:48
pointing upwards,-0.13,-9.93,-0.49,2021-04-03 18:21:48
pointing upwards,-0.1,-9.92,-0.54,2021-04-03 18:21:48
pointing upwards,-0.11,-9.93,-0.5,2021-04-03 18:21:48
pointing upwards,-0.1,-9.9,-0.46,2021-04-03 18:21:49
pointing upwards,-0.13,-9.89,-0.43,2021-04-03 18:21:49
pointing upwards,-0.1,-9.95,-0.5,2021-04-03 18:21:49
pointing upwards,-0.13,-9.87,-0.41,2021-04-03 18:21:49
pointing upwards,-0.11,-9.98,-0.45,2021-04-03 18:21:49
pointing upwards,-0.11,-9.98,-0.54,2021-04-03 18:21:50
pointing upwards,-0.12,-9.9,-0.5,2021-04-03 18:21:50
pointing upwards,-0.05,-9.91,-0.49,2021-04-03 18:21:50
pointing upwards,-0.09,-9.9,-0.47,2021-04-03 18:21:50
pointing upwards,-0.1,-9.9,-0.45,2021-04-03 18:21:50
pointing upwards,-0.18,-9.94,-0.47,2021-04-03 18:21:51
pointing upwards,-0.1,-9.94,-0.4,2021-04-03 18:21:51
pointing upwards,-0.12,-9.92,-0.47,2021-04-03 18:21:51
pointing upwards,-0.17,-9.95,-0.58,2021-04-03 18:21:51
pointing upwards,-0.11,-9.91,-0.49,2021-04-03 18:21:52
pointing upwards,-0.12,-9.96,-0.44,2021-04-03 18:21:52
pointing upwards,-0.06,-9.97,-0.5,2021-04-03 18:21:52
pointing upwards,-0.05,-9.95,-0.43,2021-04-03 18:21:52
pointing upwards,-0.03,-9.96,-0.52,2021-04-03 18:21:52
pointing upwards,-0.03,-9.92,-0.53,2021-04-03 18:21:52
pointing upwards,-0.08,-9.97,-0.5,2021-04-03 18:21:53
pointing upwards,-0.06,-9.91,-0.49,2021-04-03 18:21:53
pointing upwards,-0.08,-9.93,-0.47,2021-04-03 18:21:53
pointing upwards,-0.01,-9.94,-0.48,2021-04-03 18:21:53
pointing upwards,-0.02,-9.95,-0.48,2021-04-03 18:21:53
pointing upwards,-0.05,-9.89,-0.43,2021-04-03 18:21:54
pointing upwards,-0.03,-9.89,-0.43,2021-04-03 18:21:54
pointing upwards,0.0,-9.94,-0.56,2021-04-03 18:21:54
pointing upwards,-0.05,-9.93,-0.47,2021-04-03 18:21:54
pointing upwards,-0.04,-9.88,-0.48,2021-04-03 18:21:54
pointing upwards,-0.04,-9.9,-0.42,2021-04-03 18:21:55
pointing upwards,-0.1,-9.89,-0.49,2021-04-03 18:21:55
pointing upwards,-0.07,-9.94,-0.49,2021-04-03 18:21:55
pointing upwards,-0.07,-9.93,-0.47,2021-04-03 18:21:55
pointing upwards,-0.13,-9.92,-0.44,2021-04-03 18:21:56
pointing upwards,-0.07,-9.93,-0.5,2021-04-03 18:21:56
pointing upwards,-0.09,-9.94,-0.52,2021-04-03 18:21:56
pointing upwards,-0.13,-9.92,-0.46,2021-04-03 18:21:56
pointing upwards,-0.18,-9.91,-0.47,2021-04-03 18:21:56
pointing upwards,-0.15,-9.94,-0.47,2021-04-03 18:21:57
pointing upwards,-0.14,-9.9,-0.49,2021-04-03 18:21:57
pointing upwards,-0.12,-9.89,-0.55,2021-04-03 18:21:57
pointing upwards,-0.13,-9.9,-0.48,2021-04-03 18:21:57
pointing upwards,-0.15,-9.93,-0.45,2021-04-03 18:21:57
pointing upwards,-0.18,-9.93,-0.63,2021-04-03 18:21:58
pointing upwards,-0.13,-9.97,-0.57,2021-04-03 18:21:58
pointing upwards,-0.14,-9.92,-0.46,2021-04-03 18:21:58
pointing upwards,-0.05,-9.95,-0.54,2021-04-03 18:21:58
pointing upwards,-0.15,-9.96,-0.49,2021-04-03 18:21:58
pointing upwards,-0.19,-9.88,-0.52,2021-04-03 18:21:59
pointing upwards,-0.1,-9.92,-0.52,2021-04-03 18:21:59
pointing upwards,-0.2,-9.9,-0.54,2021-04-03 18:21:59
pointing upwards,-0.16,-9.95,-0.54,2021-04-03 18:21:59
pointing upwards,-0.13,-9.87,-0.45,2021-04-03 18:21:59
pointing upwards,-0.17,-9.91,-0.59,2021-04-03 18:22:00
pointing upwards,-0.12,-9.94,-0.46,2021-04-03 18:22:00
pointing upwards,-0.15,-9.93,-0.49,2021-04-03 18:22:00
pointing upwards,-0.11,-9.93,-0.41,2021-04-03 18:22:00
pointing upwards,-0.13,-9.91,-0.47,2021-04-03 18:22:01
pointing upwards,-0.1,-9.96,-0.54,2021-04-03 18:22:01
pointing upwards,-0.14,-9.91,-0.51,2021-04-03 18:22:01
pointing upwards,-0.14,-9.9,-0.49,2021-04-03 18:22:01
pointing upwards,-0.15,-9.91,-0.48,2021-04-03 18:22:02
pointing upwards,-0.17,-9.91,-0.48,2021-04-03 18:22:02
pointing upwards,-0.16,-9.93,-0.52,2021-04-03 18:22:02
pointing upwards,-0.17,-9.92,-0.51,2021-04-03 18:22:02
pointing upwards,-0.16,-9.99,-0.51,2021-04-03 18:22:02
pointing upwards,-0.16,-9.93,-0.48,2021-04-03 18:22:02
pointing upwards,-0.1,-9.95,-0.5,2021-04-03 18:22:02
pointing upwards,-0.15,-9.99,-0.48,2021-04-03 18:22:03
pointing upwards,-0.16,-9.93,-0.47,2021-04-03 18:22:03
pointing upwards,-0.19,-9.91,-0.5,2021-04-03 18:22:03
pointing upwards,-0.14,-9.93,-0.48,2021-04-03 18:22:03
pointing upwards,-0.14,-9.91,-0.47,2021-04-03 18:22:04
pointing upwards,-0.17,-9.94,-0.45,2021-04-03 18:22:04
pointing upwards,-0.18,-9.95,-0.54,2021-04-03 18:22:04
pointing upwards,-0.11,-9.93,-0.48,2021-04-03 18:22:04
pointing upwards,-0.16,-9.92,-0.51,2021-04-03 18:22:04
pointing upwards,-0.14,-9.94,-0.5,2021-04-03 18:22:05
pointing upwards,-0.14,-9.91,-0.48,2021-04-03 18:22:05
pointing upwards,-0.19,-9.91,-0.52,2021-04-03 18:22:05
pointing upwards,-0.13,-9.95,-0.46,2021-04-03 18:22:05
pointing upwards,-0.17,-9.97,-0.53,2021-04-03 18:22:05
pointing upwards,-0.12,-9.93,-0.43,2021-04-03 18:22:06
pointing upwards,-0.13,-9.91,-0.49,2021-04-03 18:22:06
pointing upwards,-0.13,-9.93,-0.5,2021-04-03 18:22:06
pointing upwards,-0.13,-9.94,-0.49,2021-04-03 18:22:06
pointing upwards,-0.13,-9.9,-0.5,2021-04-03 18:22:06
pointing upwards,-0.15,-9.92,-0.52,2021-04-03 18:22:07
pointing upwards,-0.18,-9.93,-0.51,2021-04-03 18:22:07
pointing upwards,-0.17,-9.93,-0.52,2021-04-03 18:22:07
pointing upwards,-0.13,-9.93,-0.41,2021-04-03 18:22:07
pointing upwards,-0.13,-9.9,-0.48,2021-04-03 18:22:07
pointing upwards,-0.15,-9.89,-0.5,2021-04-03 18:22:08
pointing upwards,-0.18,-9.89,-0.57,2021-04-03 18:22:08
pointing upwards,-0.17,-9.95,-0.54,2021-04-03 18:22:08
pointing upwards,-0.11,-9.89,-0.44,2021-04-03 18:22:08
pointing upwards,-0.15,-9.97,-0.48,2021-04-03 18:22:08
pointing upwards,-0.18,-9.89,-0.48,2021-04-03 18:22:09
pointing upwards,-0.12,-9.89,-0.49,2021-04-03 18:22:09
pointing upwards,-0.15,-9.91,-0.48,2021-04-03 18:22:09
pointing upwards,-0.09,-9.94,-0.49,2021-04-03 18:22:09
pointing upwards,-0.11,-9.96,-0.52,2021-04-03 18:22:09
pointing upwards,-0.13,-9.89,-0.41,2021-04-03 18:22:10
pointing upwards,-0.08,-9.96,-0.55,2021-04-03 18:22:10
pointing upwards,-0.13,-9.92,-0.52,2021-04-03 18:22:10
pointing upwards,-0.15,-9.93,-0.45,2021-04-03 18:22:10
pointing upwards,-0.13,-9.92,-0.46,2021-04-03 18:22:10
pointing upwards,-0.08,-9.88,-0.49,2021-04-03 18:22:11
pointing upwards,-0.1,-9.89,-0.51,2021-04-03 18:22:11
pointing upwards,-0.16,-9.94,-0.53,2021-04-03 18:22:11
pointing upwards,-0.18,-9.93,-0.53,2021-04-03 18:22:11
pointing upwards,-0.14,-9.93,-0.49,2021-04-03 18:22:11
pointing upwards,-0.12,-9.88,-0.53,2021-04-03 18:22:12
pointing upwards,-0.15,-9.89,-0.52,2021-04-03 18:22:12
pointing upwards,-0.1,-9.97,-0.51,2021-04-03 18:22:12
pointing upwards,-0.15,-9.94,-0.52,2021-04-03 18:22:12
pointing upwards,-0.14,-9.94,-0.44,2021-04-03 18:22:13
pointing upwards,-0.14,-9.91,-0.57,2021-04-03 18:22:13
pointing upwards,-0.12,-9.93,-0.57,2021-04-03 18:22:13
pointing upwards,-0.19,-9.91,-0.51,2021-04-03 18:22:13
pointing upwards,-0.13,-9.89,-0.55,2021-04-03 18:22:13
pointing upwards,-0.22,-9.94,-0.51,2021-04-03 18:22:14
pointing upwards,-0.18,-9.91,-0.52,2021-04-03 18:22:14
pointing upwards,-0.15,-9.94,-0.56,2021-04-03 18:22:14
pointing upwards,-0.18,-9.88,-0.5,2021-04-03 18:22:14
pointing upwards,-0.13,-9.94,-0.38,2021-04-03 18:22:14
pointing upwards,-0.15,-9.94,-0.49,2021-04-03 18:22:15
pointing upwards,-0.14,-9.94,-0.49,2021-04-03 18:22:15
pointing upwards,-0.14,-9.93,-0.51,2021-04-03 18:22:15
pointing upwards,-0.13,-9.93,-0.53,2021-04-03 18:22:15
pointing upwards,-0.17,-9.93,-0.52,2021-04-03 18:22:16
pointing upwards,-0.1,-9.93,-0.51,2021-04-03 18:22:16
pointing upwards,-0.14,-9.95,-0.54,2021-04-03 18:22:16
pointing upwards,-0.19,-9.94,-0.48,2021-04-03 18:22:16
pointing upwards,-0.16,-9.9,-0.52,2021-04-03 18:22:16
pointing upwards,-0.1,-9.91,-0.55,2021-04-03 18:22:17
pointing upwards,-0.17,-9.89,-0.57,2021-04-03 18:22:17
pointing upwards,-0.14,-9.93,-0.46,2021-04-03 18:22:17
pointing upwards,-0.13,-9.91,-0.47,2021-04-03 18:22:17
pointing upwards,-0.12,-9.94,-0.49,2021-04-03 18:22:17
pointing upwards,-0.16,-9.91,-0.48,2021-04-03 18:22:17
pointing upwards,-0.13,-9.87,-0.54,2021-04-03 18:22:18
pointing upwards,-0.18,-9.95,-0.4,2021-04-03 18:22:18
pointing upwards,-0.13,-9.94,-0.53,2021-04-03 18:22:18
pointing upwards,-0.17,-9.95,-0.43,2021-04-03 18:22:18
pointing upwards,-0.19,-9.9,-0.49,2021-04-03 18:22:18
pointing upwards,-0.11,-9.95,-0.47,2021-04-03 18:22:19
pointing upwards,-0.17,-9.95,-0.53,2021-04-03 18:22:19
pointing upwards,-0.18,-9.88,-0.41,2021-04-03 18:22:19
pointing upwards,-0.11,-9.92,-0.55,2021-04-03 18:22:19
pointing upwards,-0.12,-9.92,-0.52,2021-04-03 18:22:19
pointing upwards,-0.13,-9.92,-0.48,2021-04-03 18:22:20
pointing upwards,-0.16,-9.95,-0.43,2021-04-03 18:22:20
pointing upwards,-0.16,-9.9,-0.54,2021-04-03 18:22:20
pointing upwards,-0.16,-9.94,-0.46,2021-04-03 18:22:20
pointing upwards,-0.18,-9.93,-0.48,2021-04-03 18:22:21
pointing upwards,-0.16,-9.91,-0.45,2021-04-03 18:22:21
pointing upwards,-0.18,-9.94,-0.43,2021-04-03 18:22:21
pointing upwards,-0.16,-9.91,-0.54,2021-04-03 18:22:21
pointing upwards,-0.17,-9.91,-0.51,2021-04-03 18:22:21
pointing upwards,-0.18,-9.94,-0.48,2021-04-03 18:22:22
pointing upwards,-0.16,-9.9,-0.49,2021-04-03 18:22:22
pointing upwards,-0.19,-9.93,-0.5,2021-04-03 18:22:22
pointing upwards,-0.11,-9.91,-0.49,2021-04-03 18:22:22
pointing upwards,-0.15,-9.93,-0.47,2021-04-03 18:22:22
pointing upwards,-0.21,-9.89,-0.49,2021-04-03 18:22:23
pointing upwards,-0.16,-9.86,-0.48,2021-04-03 18:22:23
pointing upwards,-0.18,-9.91,-0.52,2021-04-03 18:22:23
pointing upwards,-0.16,-9.96,-0.5,2021-04-03 18:22:23
pointing upwards,-0.21,-9.87,-0.49,2021-04-03 18:22:23
pointing upwards,-0.16,-9.92,-0.6,2021-04-03 18:22:24
pointing upwards,-0.13,-9.96,-0.51,2021-04-03 18:22:24
pointing upwards,-0.15,-9.92,-0.44,2021-04-03 18:22:24
pointing upwards,-0.15,-9.94,-0.47,2021-04-03 18:22:24
pointing upwards,-0.13,-9.95,-0.46,2021-04-03 18:22:24
pointing upwards,-0.18,-9.89,-0.54,2021-04-03 18:22:25
pointing upwards,-0.16,-9.98,-0.48,2021-04-03 18:22:25
pointing upwards,-0.11,-9.94,-0.52,2021-04-03 18:22:25
pointing upwards,-0.18,-9.92,-0.5,2021-04-03 18:22:25
pointing upwards,-0.16,-9.9,-0.55,2021-04-03 18:22:25
pointing upwards,-0.09,-9.93,-0.53,2021-04-03 18:22:26
pointing upwards,-0.14,-9.93,-0.49,2021-04-03 18:22:26
pointing upwards,-0.12,-9.84,-0.45,2021-04-03 18:22:26
pointing upwards,-0.14,-9.94,-0.46,2021-04-03 18:22:26
pointing upwards,-0.17,-9.97,-0.46,2021-04-03 18:22:26
pointing upwards,-0.14,-9.92,-0.41,2021-04-03 18:22:27
pointing upwards,-0.17,-9.93,-0.5,2021-04-03 18:22:27
pointing upwards,-0.18,-9.93,-0.52,2021-04-03 18:22:27
pointing upwards,-0.19,-9.92,-0.44,2021-04-03 18:22:27
pointing upwards,-0.2,-9.92,-0.51,2021-04-03 18:22:27
pointing upwards,-0.12,-9.93,-0.52,2021-04-03 18:22:28
pointing upwards,-0.16,-9.96,-0.47,2021-04-03 18:22:28
pointing upwards,-0.17,-9.94,-0.52,2021-04-03 18:22:28
pointing upwards,-0.22,-9.93,-0.57,2021-04-03 18:22:28
pointing upwards,-0.16,-9.93,-0.5,2021-04-03 18:22:29
pointing upwards,-0.19,-9.9,-0.49,2021-04-03 18:22:29
pointing upwards,-0.16,-9.97,-0.5,2021-04-03 18:22:29
pointing upwards,-0.13,-9.93,-0.53,2021-04-03 18:22:29
pointing upwards,-0.16,-9.9,-0.53,2021-04-03 18:22:29
pointing upwards,-0.16,-9.92,-0.54,2021-04-03 18:22:30
pointing upwards,-0.21,-9.92,-0.47,2021-04-03 18:22:30
pointing upwards,-0.16,-9.91,-0.48,2021-04-03 18:22:30
pointing upwards,-0.19,-9.94,-0.48,2021-04-03 18:22:30
pointing upwards,-0.2,-9.92,-0.48,2021-04-03 18:22:30
pointing upwards,-0.21,-9.93,-0.42,2021-04-03 18:22:31
pointing upwards,-0.14,-9.92,-0.5,2021-04-03 18:22:31
pointing upwards,-0.25,-9.89,-0.5,2021-04-03 18:22:31
pointing upwards,-0.17,-9.93,-0.52,2021-04-03 18:22:31
pointing upwards,-0.16,-9.95,-0.54,2021-04-03 18:22:31
pointing upwards,-0.14,-9.93,-0.48,2021-04-03 18:22:32
pointing upwards,-0.19,-9.93,-0.46,2021-04-03 18:22:32
pointing upwards,-0.17,-9.87,-0.46,2021-04-03 18:22:32
pointing upwards,-0.19,-9.93,-0.47,2021-04-03 18:22:32
pointing upwards,-0.15,-9.89,-0.46,2021-04-03 18:22:33
pointing upwards,-0.2,-9.91,-0.46,2021-04-03 18:22:33
pointing upwards,-0.16,-9.88,-0.42,2021-04-03 18:22:33
pointing upwards,-0.14,-9.96,-0.44,2021-04-03 18:22:33
pointing upwards,-0.23,-9.97,-0.45,2021-04-03 18:22:33
pointing upwards,-0.24,-9.94,-0.49,2021-04-03 18:22:33
pointing upwards,-0.16,-9.92,-0.48,2021-04-03 18:22:34
pointing upwards,-0.15,-9.97,-0.52,2021-04-03 18:22:34
pointing upwards,-0.14,-9.97,-0.47,2021-04-03 18:22:34
pointing upwards,-0.14,-9.92,-0.54,2021-04-03 18:22:34
pointing upwards,-0.13,-9.92,-0.51,2021-04-03 18:22:34
pointing upwards,-0.22,-9.91,-0.46,2021-04-03 18:22:35
pointing upwards,-0.16,-9.9,-0.47,2021-04-03 18:22:35
pointing upwards,-0.16,-9.95,-0.4,2021-04-03 18:22:35
pointing upwards,-0.18,-9.96,-0.5,2021-04-03 18:22:35
pointing upwards,-0.15,-9.94,-0.54,2021-04-03 18:22:35
pointing upwards,-0.12,-9.93,-0.47,2021-04-03 18:22:36
pointing upwards,-0.15,-9.91,-0.41,2021-04-03 18:22:36
pointing upwards,-0.18,-9.92,-0.47,2021-04-03 18:22:36
pointing upwards,-0.19,-9.89,-0.49,2021-04-03 18:22:36
pointing upwards,-0.16,-9.93,-0.6,2021-04-03 18:22:37
pointing upwards,-0.15,-9.87,-0.52,2021-04-03 18:22:37
pointing upwards,-0.23,-9.93,-0.58,2021-04-03 18:22:37
pointing upwards,-0.16,-9.87,-0.52,2021-04-03 18:22:37
pointing upwards,-0.13,-9.86,-0.55,2021-04-03 18:22:37
pointing upwards,-0.14,-9.95,-0.48,2021-04-03 18:22:37
pointing upwards,-0.21,-9.95,-0.49,2021-04-03 18:22:38
pointing upwards,-0.18,-9.92,-0.52,2021-04-03 18:22:38
pointing upwards,-0.17,-9.92,-0.41,2021-04-03 18:22:38
pointing upwards,-0.14,-9.93,-0.43,2021-04-03 18:22:38
pointing upwards,-0.2,-9.94,-0.5,2021-04-03 18:22:38
pointing upwards,-0.19,-9.89,-0.52,2021-04-03 18:22:39
pointing upwards,-0.14,-9.9,-0.42,2021-04-03 18:22:39
pointing upwards,-0.2,-9.88,-0.4,2021-04-03 18:22:39
pointing upwards,-0.18,-9.86,-0.47,2021-04-03 18:22:39
pointing upwards,-0.16,-9.91,-0.48,2021-04-03 18:22:40
pointing upwards,-0.19,-9.95,-0.54,2021-04-03 18:22:40
pointing upwards,-0.2,-9.97,-0.47,2021-04-03 18:22:40
pointing upwards,-0.15,-9.93,-0.56,2021-04-03 18:22:40
pointing upwards,-0.19,-9.95,-0.46,2021-04-03 18:22:40
pointing upwards,-0.17,-9.91,-0.44,2021-04-03 18:22:41
pointing upwards,-0.16,-9.94,-0.45,2021-04-03 18:22:41
pointing upwards,-0.14,-9.96,-0.4,2021-04-03 18:22:41
pointing upwards,-0.18,-9.87,-0.54,2021-04-03 18:22:42
pointing upwards,-0.16,-9.89,-0.49,2021-04-03 18:22:42
pointing upwards,-0.13,-9.93,-0.5,2021-04-03 18:22:42
pointing upwards,-0.2,-9.95,-0.5,2021-04-03 18:22:42
pointing upwards,-0.2,-9.97,-0.41,2021-04-03 18:22:42
pointing upwards,-0.13,-9.89,-0.44,2021-04-03 18:22:42
pointing upwards,-0.18,-9.97,-0.51,2021-04-03 18:22:43
pointing upwards,-0.24,-9.94,-0.47,2021-04-03 18:22:43
pointing upwards,-0.18,-9.94,-0.53,2021-04-03 18:22:43
pointing upwards,-0.23,-9.94,-0.43,2021-04-03 18:22:43
pointing upwards,-0.2,-9.97,-0.52,2021-04-03 18:22:43
pointing upwards,-0.15,-9.94,-0.5,2021-04-03 18:22:44
pointing upwards,-0.19,-9.91,-0.54,2021-04-03 18:22:44
pointing upwards,-0.21,-9.93,-0.55,2021-04-03 18:22:44
pointing upwards,-0.22,-9.96,-0.39,2021-04-03 18:22:44
pointing upwards,-0.2,-9.94,-0.51,2021-04-03 18:22:44
pointing upwards,-0.12,-9.9,-0.53,2021-04-03 18:22:45
pointing upwards,-0.17,-9.91,-0.48,2021-04-03 18:22:45
pointing upwards,-0.16,-9.9,-0.52,2021-04-03 18:22:45
pointing upwards,-0.17,-9.94,-0.46,2021-04-03 18:22:45
pointing upwards,-0.18,-9.93,-0.58,2021-04-03 18:22:45
pointing upwards,-0.19,-9.92,-0.5,2021-04-03 18:22:46
pointing upwards,-0.24,-9.91,-0.41,2021-04-03 18:22:46
pointing upwards,-0.18,-9.99,-0.49,2021-04-03 18:22:46
pointing upwards,-0.19,-9.93,-0.53,2021-04-03 18:22:46
pointing upwards,-0.11,-9.92,-0.45,2021-04-03 18:22:47
pointing upwards,-0.17,-9.93,-0.43,2021-04-03 18:22:47
pointing upwards,-0.14,-9.94,-0.45,2021-04-03 18:22:47
pointing upwards,-0.17,-9.91,-0.55,2021-04-03 18:22:47
pointing upwards,-0.18,-9.87,-0.42,2021-04-03 18:22:47
pointing upwards,-0.16,-9.91,-0.43,2021-04-03 18:22:48
pointing upwards,-0.14,-9.95,-0.5,2021-04-03 18:22:48
pointing upwards,-0.15,-9.98,-0.48,2021-04-03 18:22:48
pointing upwards,-0.21,-9.93,-0.4,2021-04-03 18:22:48
pointing upwards,-0.18,-9.9,-0.48,2021-04-03 18:22:49
pointing upwards,-0.13,-9.97,-0.46,2021-04-03 18:22:49
pointing upwards,-0.17,-9.87,-0.44,2021-04-03 18:22:49
pointing upwards,-0.15,-9.94,-0.43,2021-04-03 18:22:49
pointing upwards,-0.15,-9.93,-0.52,2021-04-03 18:22:49
pointing upwards,-0.18,-9.93,-0.45,2021-04-03 18:22:50
pointing upwards,-0.2,-9.93,-0.46,2021-04-03 18:22:50
pointing upwards,-0.17,-9.9,-0.57,2021-04-03 18:22:50
pointing upwards,-0.16,-9.94,-0.47,2021-04-03 18:22:50
pointing upwards,-0.16,-9.99,-0.46,2021-04-03 18:22:50
pointing upwards,-0.19,-9.94,-0.52,2021-04-03 18:22:51
pointing upwards,-0.16,-9.93,-0.48,2021-04-03 18:22:51
pointing upwards,-0.21,-9.96,-0.5,2021-04-03 18:22:51
pointing upwards,-0.21,-9.89,-0.48,2021-04-03 18:22:51
pointing upwards,-0.13,-9.94,-0.52,2021-04-03 18:22:51
pointing upwards,-0.16,-9.9,-0.47,2021-04-03 18:22:52
pointing upwards,-0.18,-9.92,-0.41,2021-04-03 18:22:52
pointing upwards,-0.18,-9.91,-0.5,2021-04-03 18:22:52
pointing upwards,-0.18,-9.88,-0.5,2021-04-03 18:22:52
pointing upwards,-0.19,-9.93,-0.5,2021-04-03 18:22:52
pointing upwards,-0.16,-9.92,-0.43,2021-04-03 18:22:53
pointing upwards,-0.15,-9.92,-0.51,2021-04-03 18:22:53
pointing upwards,-0.16,-9.94,-0.53,2021-04-03 18:22:53
pointing upwards,-0.19,-9.92,-0.51,2021-04-03 18:22:53
pointing upwards,-0.19,-9.94,-0.51,2021-04-03 18:22:53
pointing upwards,-0.14,-9.92,-0.43,2021-04-03 18:22:54
pointing upwards,-0.17,-9.92,-0.41,2021-04-03 18:22:54
pointing upwards,-0.2,-9.88,-0.48,2021-04-03 18:22:54
pointing upwards,-0.22,-9.92,-0.53,2021-04-03 18:22:54
pointing upwards,-0.19,-9.93,-0.51,2021-04-03 18:22:54
pointing upwards,-0.12,-9.94,-0.46,2021-04-03 18:22:55
pointing upwards,-0.17,-9.89,-0.51,2021-04-03 18:22:55
pointing upwards,-0.2,-9.92,-0.51,2021-04-03 18:22:55
pointing upwards,-0.23,-9.89,-0.48,2021-04-03 18:22:55
pointing upwards,-0.16,-9.94,-0.55,2021-04-03 18:22:55
pointing upwards,-0.19,-9.91,-0.54,2021-04-03 18:22:56
pointing upwards,-0.2,-9.96,-0.49,2021-04-03 18:22:56
pointing upwards,-0.12,-9.96,-0.47,2021-04-03 18:22:56
pointing upwards,-0.12,-9.94,-0.5,2021-04-03 18:22:56
pointing upwards,-0.26,-9.95,-0.5,2021-04-03 18:22:57
pointing upwards,-0.15,-9.91,-0.49,2021-04-03 18:22:57
pointing upwards,-0.16,-9.97,-0.51,2021-04-03 18:22:57
pointing upwards,-0.17,-9.93,-0.47,2021-04-03 18:22:57
pointing upwards,-0.21,-9.93,-0.48,2021-04-03 18:22:57
pointing upwards,-0.15,-9.91,-0.44,2021-04-03 18:22:58
pointing upwards,-0.19,-9.94,-0.46,2021-04-03 18:22:58
pointing upwards,-0.16,-9.9,-0.47,2021-04-03 18:22:58
pointing upwards,-0.18,-9.9,-0.51,2021-04-03 18:22:58
pointing upwards,-0.17,-9.98,-0.48,2021-04-03 18:22:58
pointing upwards,-0.19,-9.89,-0.46,2021-04-03 18:22:59
pointing upwards,-0.16,-9.92,-0.5,2021-04-03 18:22:59
pointing upwards,-0.18,-9.88,-0.54,2021-04-03 18:22:59
pointing upwards,-0.17,-9.94,-0.57,2021-04-03 18:22:59
pointing upwards,-0.24,-9.88,-0.49,2021-04-03 18:22:59
pointing upwards,-0.24,-9.96,-0.46,2021-04-03 18:23:00
pointing upwards,-0.35,-9.93,-0.45,2021-04-03 18:23:00
pointing upwards,-0.27,-9.93,-0.5,2021-04-03 18:23:00
pointing upwards,-0.25,-9.9,-0.55,2021-04-03 18:23:00
pointing upwards,-0.3,-9.86,-0.57,2021-04-03 18:23:00
pointing upwards,-0.31,-9.9,-0.46,2021-04-03 18:23:01
pointing upwards,-0.28,-9.89,-0.49,2021-04-03 18:23:01
pointing upwards,-0.23,-9.95,-0.45,2021-04-03 18:23:01
pointing upwards,-0.29,-9.96,-0.49,2021-04-03 18:23:01
pointing upwards,-0.25,-9.94,-0.49,2021-04-03 18:23:01
pointing upwards,-0.3,-9.94,-0.51,2021-04-03 18:23:02
pointing upwards,-0.29,-9.91,-0.54,2021-04-03 18:23:02
pointing upwards,-0.25,-9.92,-0.48,2021-04-03 18:23:02
pointing upwards,-0.28,-9.89,-0.55,2021-04-03 18:23:02
pointing upwards,-0.22,-9.95,-0.5,2021-04-03 18:23:02
pointing upwards,-0.25,-9.91,-0.43,2021-04-03 18:23:03
pointing upwards,-0.25,-9.9,-0.45,2021-04-03 18:23:03
pointing upwards,-0.27,-9.91,-0.42,2021-04-03 18:23:03
pointing upwards,-0.27,-9.94,-0.54,2021-04-03 18:23:03
pointing upwards,-0.27,-9.89,-0.52,2021-04-03 18:23:03
pointing upwards,-0.26,-9.89,-0.55,2021-04-03 18:23:04
pointing upwards,-0.29,-9.92,-0.47,2021-04-03 18:23:04
pointing upwards,-0.28,-9.95,-0.5,2021-04-03 18:23:04
pointing upwards,-0.29,-9.86,-0.52,2021-04-03 18:23:04
pointing upwards,-0.26,-9.91,-0.46,2021-04-03 18:23:05
pointing upwards,-0.25,-9.91,-0.51,2021-04-03 18:23:05
pointing upwards,-0.24,-9.87,-0.56,2021-04-03 18:23:05
pointing upwards,-0.28,-9.9,-0.51,2021-04-03 18:23:05
pointing upwards,-0.28,-9.93,-0.54,2021-04-03 18:23:06
pointing upwards,-0.28,-9.91,-0.46,2021-04-03 18:23:06
pointing upwards,-0.27,-9.96,-0.47,2021-04-03 18:23:06
pointing upwards,-0.31,-9.93,-0.49,2021-04-03 18:23:06
pointing upwards,-0.25,-9.9,-0.47,2021-04-03 18:23:06
pointing upwards,-0.29,-9.95,-0.52,2021-04-03 18:23:06
pointing upwards,-0.26,-9.91,-0.43,2021-04-03 18:23:06
pointing upwards,-0.28,-9.93,-0.43,2021-04-03 18:23:07
pointing upwards,-0.3,-9.95,-0.55,2021-04-03 18:23:07
pointing upwards,-0.25,-9.92,-0.53,2021-04-03 18:23:07
pointing upwards,-0.32,-9.9,-0.56,2021-04-03 18:23:07
pointing upwards,-0.25,-9.94,-0.49,2021-04-03 18:23:08
pointing upwards,-0.26,-9.92,-0.48,2021-04-03 18:23:08
pointing upwards,-0.25,-9.94,-0.48,2021-04-03 18:23:08
pointing upwards,-0.3,-9.91,-0.45,2021-04-03 18:23:08
pointing upwards,-0.39,-9.94,-0.51,2021-04-03 18:23:08
pointing upwards,-0.36,-9.91,-0.45,2021-04-03 18:23:09
pointing upwards,-0.36,-9.95,-0.49,2021-04-03 18:23:09
pointing upwards,-0.39,-9.93,-0.46,2021-04-03 18:23:09
pointing upwards,-0.39,-9.88,-0.5,2021-04-03 18:23:09
pointing upwards,-0.41,-9.91,-0.51,2021-04-03 18:23:09
pointing upwards,-0.38,-9.9,-0.46,2021-04-03 18:23:10
pointing upwards,-0.38,-9.91,-0.58,2021-04-03 18:23:10
pointing upwards,-0.37,-9.92,-0.51,2021-04-03 18:23:10
pointing upwards,-0.32,-9.91,-0.55,2021-04-03 18:23:10
pointing upwards,-0.35,-9.92,-0.53,2021-04-03 18:23:10
pointing upwards,-0.34,-9.94,-0.52,2021-04-03 18:23:11
pointing upwards,-0.36,-9.96,-0.52,2021-04-03 18:23:11
pointing upwards,-0.35,-9.87,-0.52,2021-04-03 18:23:11
pointing upwards,-0.41,-9.92,-0.48,2021-04-03 18:23:11
pointing upwards,-0.46,-9.89,-0.47,2021-04-03 18:23:11
pointing upwards,-0.43,-9.91,-0.48,2021-04-03 18:23:12
pointing upwards,-0.49,-9.86,-0.38,2021-04-03 18:23:12
pointing upwards,-0.44,-9.9,-0.5,2021-04-03 18:23:12
pointing upwards,-0.5,-9.96,-0.47,2021-04-03 18:23:12
pointing upwards,-0.5,-9.86,-0.5,2021-04-03 18:23:13
pointing upwards,-0.51,-9.9,-0.56,2021-04-03 18:23:13
pointing upwards,-0.48,-9.9,-0.47,2021-04-03 18:23:13
pointing upwards,-0.49,-9.88,-0.58,2021-04-03 18:23:13
pointing upwards,-0.51,-9.91,-0.46,2021-04-03 18:23:13
pointing upwards,-0.48,-9.95,-0.5,2021-04-03 18:23:13
pointing upwards,-0.5,-9.91,-0.52,2021-04-03 18:23:14
pointing upwards,-0.51,-9.89,-0.48,2021-04-03 18:23:14
pointing upwards,-0.48,-9.91,-0.46,2021-04-03 18:23:14
pointing upwards,-0.42,-9.9,-0.56,2021-04-03 18:23:14
pointing upwards,-0.53,-9.97,-0.53,2021-04-03 18:23:14
pointing upwards,-0.45,-9.93,-0.51,2021-04-03 18:23:15
pointing upwards,-0.46,-9.91,-0.53,2021-04-03 18:23:15
pointing upwards,-0.44,-9.88,-0.44,2021-04-03 18:23:15
pointing upwards,-0.44,-9.88,-0.46,2021-04-03 18:23:15
pointing upwards,-0.4,-9.92,-0.5,2021-04-03 18:23:15
pointing upwards,-0.46,-9.92,-0.47,2021-04-03 18:23:16
pointing upwards,-0.43,-9.9,-0.47,2021-04-03 18:23:16
pointing upwards,-0.45,-9.95,-0.43,2021-04-03 18:23:16
pointing upwards,-0.47,-9.93,-0.47,2021-04-03 18:23:16
pointing upwards,-0.46,-9.94,-0.53,2021-04-03 18:23:17
pointing upwards,-0.48,-9.92,-0.49,2021-04-03 18:23:17
pointing upwards,-0.44,-9.97,-0.48,2021-04-03 18:23:17
pointing upwards,-0.46,-9.9,-0.42,2021-04-03 18:23:17
pointing upwards,-0.51,-9.92,-0.53,2021-04-03 18:23:17
pointing upwards,-0.55,-9.94,-0.4,2021-04-03 18:23:18
pointing upwards,-0.54,-9.9,-0.51,2021-04-03 18:23:18
pointing upwards,-0.57,-9.92,-0.57,2021-04-03 18:23:18
pointing upwards,-0.55,-9.9,-0.44,2021-04-03 18:23:18
pointing upwards,-0.5,-9.9,-0.54,2021-04-03 18:23:18
pointing upwards,-0.55,-9.91,-0.5,2021-04-03 18:23:19
pointing upwards,-0.54,-9.93,-0.5,2021-04-03 18:23:19
pointing upwards,-0.46,-9.88,-0.47,2021-04-03 18:23:19
pointing upwards,-0.52,-9.92,-0.47,2021-04-03 18:23:19
pointing upwards,-0.5,-9.9,-0.46,2021-04-03 18:23:19
pointing upwards,-0.52,-9.93,-0.56,2021-04-03 18:23:20
pointing upwards,-0.53,-9.88,-0.49,2021-04-03 18:23:20
pointing upwards,-0.48,-9.95,-0.54,2021-04-03 18:23:20
pointing upwards,-0.51,-9.92,-0.41,2021-04-03 18:23:20
pointing upwards,-0.5,-9.91,-0.48,2021-04-03 18:23:21
pointing upwards,-0.49,-9.9,-0.52,2021-04-03 18:23:21
pointing upwards,-0.54,-9.86,-0.54,2021-04-03 18:23:21
pointing upwards,-0.5,-9.91,-0.49,2021-04-03 18:23:21
pointing upwards,-0.51,-9.91,-0.47,2021-04-03 18:23:21
pointing upwards,-0.52,-9.87,-0.54,2021-04-03 18:23:22
pointing upwards,-0.55,-9.87,-0.56,2021-04-03 18:23:22
pointing upwards,-0.5,-9.95,-0.47,2021-04-03 18:23:22
pointing upwards,-0.52,-9.88,-0.49,2021-04-03 18:23:22
pointing upwards,-0.49,-9.87,-0.49,2021-04-03 18:23:22
pointing upwards,-0.46,-9.91,-0.5,2021-04-03 18:23:23
pointing upwards,-0.52,-9.89,-0.4,2021-04-03 18:23:23
pointing upwards,-0.54,-9.89,-0.53,2021-04-03 18:23:23
pointing upwards,-0.49,-9.91,-0.54,2021-04-03 18:23:23
pointing upwards,-0.47,-9.9,-0.52,2021-04-03 18:23:23
pointing upwards,-0.53,-9.89,-0.46,2021-04-03 18:23:23
pointing upwards,-0.46,-9.92,-0.45,2021-04-03 18:23:24
pointing upwards,-0.52,-9.9,-0.49,2021-04-03 18:23:24
pointing upwards,-0.51,-9.9,-0.51,2021-04-03 18:23:24
pointing upwards,-0.52,-9.83,-0.48,2021-04-03 18:23:24
pointing upwards,-0.56,-9.9,-0.53,2021-04-03 18:23:25
pointing upwards,-0.52,-9.87,-0.47,2021-04-03 18:23:25
pointing upwards,-0.51,-9.91,-0.51,2021-04-03 18:23:25
pointing upwards,-0.45,-9.9,-0.54,2021-04-03 18:23:25
pointing upwards,-0.51,-9.85,-0.44,2021-04-03 18:23:25
pointing upwards,-0.53,-9.87,-0.45,2021-04-03 18:23:26
pointing upwards,-0.51,-9.84,-0.44,2021-04-03 18:23:26
pointing upwards,-0.51,-9.89,-0.48,2021-04-03 18:23:26
pointing upwards,-0.48,-9.91,-0.52,2021-04-03 18:23:26
pointing upwards,-0.48,-9.86,-0.52,2021-04-03 18:23:26
pointing upwards,-0.46,-9.87,-0.48,2021-04-03 18:23:27
pointing upwards,-0.53,-9.94,-0.55,2021-04-03 18:23:27
pointing upwards,-0.48,-9.9,-0.54,2021-04-03 18:23:27
pointing upwards,-0.45,-9.84,-0.48,2021-04-03 18:23:27
pointing upwards,-0.51,-9.92,-0.49,2021-04-03 18:23:27
pointing upwards,-0.52,-9.9,-0.51,2021-04-03 18:23:28
pointing upwards,-0.5,-9.9,-0.52,2021-04-03 18:23:28
pointing upwards,-0.5,-9.88,-0.57,2021-04-03 18:23:28
pointing upwards,-0.48,-9.87,-0.46,2021-04-03 18:23:28
pointing upwards,-0.51,-9.89,-0.44,2021-04-03 18:23:28
pointing upwards,-0.47,-9.93,-0.44,2021-04-03 18:23:29
pointing upwards,-0.48,-9.89,-0.54,2021-04-03 18:23:29
pointing upwards,-0.47,-9.95,-0.55,2021-04-03 18:23:29
pointing upwards,-0.45,-9.91,-0.48,2021-04-03 18:23:29
pointing upwards,-0.46,-9.94,-0.46,2021-04-03 18:23:29
pointing upwards,-0.48,-9.91,-0.43,2021-04-03 18:23:30
pointing upwards,-0.5,-9.9,-0.5,2021-04-03 18:23:30
pointing upwards,-0.54,-9.9,-0.49,2021-04-03 18:23:30
pointing upwards,-0.51,-9.92,-0.47,2021-04-03 18:23:30
pointing upwards,-0.48,-9.91,-0.51,2021-04-03 18:23:30
pointing upwards,-0.48,-9.89,-0.47,2021-04-03 18:23:31
pointing upwards,-0.51,-9.91,-0.5,2021-04-03 18:23:31
pointing upwards,-0.47,-9.91,-0.46,2021-04-03 18:23:31
pointing upwards,-0.5,-9.89,-0.44,2021-04-03 18:23:31
pointing upwards,-0.5,-9.93,-0.46,2021-04-03 18:23:31
pointing upwards,-0.52,-9.88,-0.43,2021-04-03 18:23:32
pointing upwards,-0.47,-9.9,-0.52,2021-04-03 18:23:32
pointing upwards,-0.51,-9.91,-0.49,2021-04-03 18:23:32
pointing upwards,-0.5,-9.89,-0.51,2021-04-03 18:23:32
pointing upwards,-0.48,-9.91,-0.52,2021-04-03 18:23:33
pointing upwards,-0.47,-9.93,-0.48,2021-04-03 18:23:33
pointing upwards,-0.51,-9.91,-0.39,2021-04-03 18:23:33
pointing upwards,-0.52,-9.91,-0.5,2021-04-03 18:23:33
pointing upwards,-0.49,-9.91,-0.46,2021-04-03 18:23:33
pointing upwards,-0.48,-9.9,-0.53,2021-04-03 18:23:33
pointing upwards,-0.49,-9.92,-0.47,2021-04-03 18:23:34
pointing upwards,-0.46,-9.87,-0.46,2021-04-03 18:23:34
pointing upwards,-0.48,-9.88,-0.47,2021-04-03 18:23:34
pointing upwards,-0.51,-9.88,-0.43,2021-04-03 18:23:34
pointing upwards,-0.45,-9.9,-0.51,2021-04-03 18:23:35
pointing upwards,-0.49,-9.9,-0.57,2021-04-03 18:23:35
pointing upwards,-0.44,-9.87,-0.51,2021-04-03 18:23:35
pointing upwards,-0.47,-9.84,-0.46,2021-04-03 18:23:35
pointing upwards,-0.52,-9.93,-0.5,2021-04-03 18:23:35
pointing upwards,-0.43,-9.87,-0.43,2021-04-03 18:23:36
pointing upwards,-0.47,-9.94,-0.5,2021-04-03 18:23:36
pointing upwards,-0.42,-9.92,-0.55,2021-04-03 18:23:36
pointing upwards,-0.45,-9.9,-0.36,2021-04-03 18:23:36
pointing upwards,-0.45,-9.89,-0.51,2021-04-03 18:23:36
pointing upwards,-0.48,-9.89,-0.47,2021-04-03 18:23:37
pointing upwards,-0.48,-9.89,-0.55,2021-04-03 18:23:37
pointing upwards,-0.45,-9.94,-0.51,2021-04-03 18:23:37
pointing upwards,-0.48,-9.94,-0.51,2021-04-03 18:23:37
pointing upwards,-0.48,-9.93,-0.49,2021-04-03 18:23:37
pointing upwards,-0.47,-9.91,-0.51,2021-04-03 18:23:38
pointing upwards,-0.44,-9.87,-0.45,2021-04-03 18:23:38
pointing upwards,-0.49,-9.93,-0.43,2021-04-03 18:23:38
pointing upwards,-0.43,-9.88,-0.53,2021-04-03 18:23:38
pointing upwards,-0.5,-9.91,-0.53,2021-04-03 18:23:38
pointing upwards,-0.48,-9.93,-0.5,2021-04-03 18:23:39
pointing upwards,-0.47,-9.89,-0.51,2021-04-03 18:23:39
pointing upwards,-0.44,-9.88,-0.47,2021-04-03 18:23:39
pointing upwards,-0.44,-9.93,-0.52,2021-04-03 18:23:39
pointing upwards,-0.49,-9.94,-0.46,2021-04-03 18:23:39
pointing upwards,-0.49,-9.94,-0.4,2021-04-03 18:23:40
pointing upwards,-0.47,-9.92,-0.48,2021-04-03 18:23:40
pointing upwards,-0.47,-9.91,-0.53,2021-04-03 18:23:40
pointing upwards,-0.49,-9.91,-0.48,2021-04-03 18:23:40
pointing upwards,-0.5,-9.91,-0.43,2021-04-03 18:23:41
pointing upwards,-0.44,-9.9,-0.51,2021-04-03 18:23:41
pointing upwards,-0.44,-9.92,-0.47,2021-04-03 18:23:41
pointing upwards,-0.5,-9.92,-0.55,2021-04-03 18:23:41
pointing upwards,-0.45,-9.92,-0.47,2021-04-03 18:23:41
pointing upwards,-0.46,-9.92,-0.5,2021-04-03 18:23:41
pointing upwards,-0.44,-9.93,-0.49,2021-04-03 18:23:42
pointing upwards,-0.47,-9.9,-0.47,2021-04-03 18:23:42
pointing upwards,-0.48,-9.93,-0.45,2021-04-03 18:23:42
pointing upwards,-0.43,-9.88,-0.42,2021-04-03 18:23:42
pointing upwards,-0.45,-9.91,-0.52,2021-04-03 18:23:42
pointing upwards,-0.51,-9.93,-0.43,2021-04-03 18:23:43
pointing upwards,-0.49,-9.92,-0.43,2021-04-03 18:23:43
pointing upwards,-0.48,-9.91,-0.47,2021-04-03 18:23:43
pointing upwards,-0.44,-9.92,-0.43,2021-04-03 18:23:43
pointing upwards,-0.44,-9.88,-0.51,2021-04-03 18:23:44
pointing upwards,-0.5,-9.88,-0.47,2021-04-03 18:23:44
pointing upwards,-0.48,-9.92,-0.48,2021-04-03 18:23:44
pointing upwards,-0.47,-9.85,-0.51,2021-04-03 18:23:44
pointing upwards,-0.45,-9.91,-0.44,2021-04-03 18:23:44
pointing upwards,-0.45,-9.93,-0.51,2021-04-03 18:23:45
pointing upwards,-0.43,-9.87,-0.49,2021-04-03 18:23:45
pointing upwards,-0.51,-9.93,-0.52,2021-04-03 18:23:45
pointing upwards,-0.47,-9.91,-0.46,2021-04-03 18:23:45
pointing upwards,-0.47,-9.93,-0.51,2021-04-03 18:23:45
pointing upwards,-0.49,-9.94,-0.5,2021-04-03 18:23:46
pointing upwards,-0.46,-9.92,-0.52,2021-04-03 18:23:46
pointing upwards,-0.47,-9.93,-0.52,2021-04-03 18:23:46
pointing upwards,-0.44,-9.92,-0.39,2021-04-03 18:23:46
pointing upwards,-0.5,-9.92,-0.55,2021-04-03 18:23:46
pointing upwards,-0.47,-9.9,-0.48,2021-04-03 18:23:47
pointing upwards,-0.46,-9.86,-0.47,2021-04-03 18:23:47
pointing upwards,-0.46,-9.93,-0.43,2021-04-03 18:23:47
pointing upwards,-0.45,-9.88,-0.49,2021-04-03 18:23:47
pointing upwards,-0.49,-9.92,-0.52,2021-04-03 18:23:47
pointing upwards,-0.48,-9.94,-0.52,2021-04-03 18:23:48
pointing upwards,-0.46,-9.89,-0.49,2021-04-03 18:23:48
pointing upwards,-0.55,-9.94,-0.48,2021-04-03 18:23:48
pointing upwards,-0.48,-9.89,-0.52,2021-04-03 18:23:48
pointing upwards,-0.52,-9.94,-0.59,2021-04-03 18:23:48
pointing upwards,-0.46,-9.86,-0.52,2021-04-03 18:23:49
pointing upwards,-0.5,-9.99,-0.5,2021-04-03 18:23:49
pointing upwards,-0.5,-9.92,-0.46,2021-04-03 18:23:49
pointing upwards,-0.42,-9.93,-0.6,2021-04-03 18:23:49
pointing upwards,-0.45,-9.92,-0.51,2021-04-03 18:23:49
pointing upwards,-0.43,-9.89,-0.47,2021-04-03 18:23:50
pointing upwards,-0.45,-9.9,-0.46,2021-04-03 18:23:50
pointing upwards,-0.47,-9.91,-0.47,2021-04-03 18:23:50
pointing upwards,-0.45,-9.88,-0.53,2021-04-03 18:23:50
pointing upwards,-0.48,-9.87,-0.43,2021-04-03 18:23:51
pointing upwards,-0.53,-9.9,-0.47,2021-04-03 18:23:51
pointing upwards,-0.47,-9.87,-0.46,2021-04-03 18:23:51
pointing upwards,-0.46,-9.92,-0.47,2021-04-03 18:23:51
pointing upwards,-0.5,-9.95,-0.37,2021-04-03 18:23:51
pointing upwards,-0.46,-9.89,-0.48,2021-04-03 18:23:52
pointing upwards,-0.47,-9.93,-0.48,2021-04-03 18:23:52
pointing upwards,-0.44,-9.94,-0.51,2021-04-03 18:23:52
pointing upwards,-0.43,-9.86,-0.53,2021-04-03 18:23:52
pointing upwards,-0.47,-9.91,-0.56,2021-04-03 18:23:52
pointing upwards,-0.47,-9.91,-0.49,2021-04-03 18:23:53
pointing upwards,-0.48,-9.91,-0.52,2021-04-03 18:23:53
pointing upwards,-0.47,-9.88,-0.55,2021-04-03 18:23:53
pointing upwards,-0.5,-9.88,-0.44,2021-04-03 18:23:53
pointing upwards,-0.45,-9.95,-0.42,2021-04-03 18:23:53
pointing upwards,-0.56,-9.91,-0.5,2021-04-03 18:23:54
pointing upwards,-0.48,-9.91,-0.55,2021-04-03 18:23:54
pointing upwards,-0.45,-9.95,-0.42,2021-04-03 18:23:54
pointing upwards,-0.43,-9.83,-0.51,2021-04-03 18:23:54
pointing upwards,-0.48,-9.89,-0.4,2021-04-03 18:23:54
pointing upwards,-0.49,-9.9,-0.52,2021-04-03 18:23:55
pointing upwards,-0.39,-9.93,-0.5,2021-04-03 18:23:55
pointing upwards,-0.48,-9.92,-0.53,2021-04-03 18:23:55
pointing upwards,-0.47,-9.96,-0.44,2021-04-03 18:23:55
pointing upwards,-0.5,-9.9,-0.47,2021-04-03 18:23:55
pointing upwards,-0.49,-9.93,-0.47,2021-04-03 18:23:56
pointing upwards,-0.48,-9.98,-0.47,2021-04-03 18:23:56
pointing upwards,-0.44,-9.92,-0.5,2021-04-03 18:23:56
pointing upwards,-0.5,-9.86,-0.53,2021-04-03 18:23:56
pointing upwards,-0.45,-9.95,-0.49,2021-04-03 18:23:57
pointing upwards,-0.47,-9.92,-0.45,2021-04-03 18:23:57
pointing upwards,-0.45,-9.94,-0.46,2021-04-03 18:23:57
pointing upwards,-0.5,-9.89,-0.56,2021-04-03 18:23:57
pointing upwards,-0.45,-9.9,-0.45,2021-04-03 18:23:58
pointing upwards,-0.46,-9.87,-0.47,2021-04-03 18:23:58
pointing upwards,-0.51,-9.89,-0.52,2021-04-03 18:23:58
pointing upwards,-0.51,-9.89,-0.54,2021-04-03 18:23:58
pointing upwards,-0.52,-9.89,-0.44,2021-04-03 18:23:58
pointing upwards,-0.46,-9.87,-0.51,2021-04-03 18:23:58
pointing upwards,-0.5,-9.89,-0.48,2021-04-03 18:23:59
pointing upwards,-0.46,-9.92,-0.46,2021-04-03 18:23:59
pointing upwards,-0.45,-9.93,-0.47,2021-04-03 18:23:59
pointing upwards,-0.48,-9.93,-0.52,2021-04-03 18:23:59
pointing upwards,-0.47,-9.91,-0.47,2021-04-03 18:23:59
pointing upwards,-0.53,-9.91,-0.48,2021-04-03 18:24:00
pointing upwards,-0.4,-9.92,-0.48,2021-04-03 18:24:00
pointing upwards,-0.48,-9.92,-0.5,2021-04-03 18:24:00
pointing upwards,-0.5,-9.97,-0.48,2021-04-03 18:24:00
pointing upwards,-0.47,-9.89,-0.49,2021-04-03 18:24:00
pointing upwards,-0.49,-9.9,-0.58,2021-04-03 18:24:01
pointing upwards,-0.52,-9.91,-0.49,2021-04-03 18:24:01
pointing upwards,-0.45,-9.94,-0.42,2021-04-03 18:24:01
pointing upwards,-0.47,-9.92,-0.48,2021-04-03 18:24:01
pointing upwards,-0.45,-9.9,-0.51,2021-04-03 18:24:01
pointing upwards,-0.48,-9.89,-0.5,2021-04-03 18:24:01
pointing upwards,-0.47,-9.96,-0.51,2021-04-03 18:24:02
pointing upwards,-0.46,-9.84,-0.41,2021-04-03 18:24:02
pointing upwards,-0.41,-9.91,-0.5,2021-04-03 18:24:02
pointing upwards,-0.46,-9.95,-0.53,2021-04-03 18:24:02
pointing upwards,-0.42,-9.91,-0.47,2021-04-03 18:24:03
pointing upwards,-0.52,-9.91,-0.49,2021-04-03 18:24:03
pointing upwards,-0.43,-9.9,-0.42,2021-04-03 18:24:03
pointing upwards,-0.5,-9.92,-0.49,2021-04-03 18:24:03
pointing upwards,-0.42,-9.89,-0.48,2021-04-03 18:24:03
pointing upwards,-0.45,-9.88,-0.49,2021-04-03 18:24:04
pointing upwards,-0.47,-9.93,-0.49,2021-04-03 18:24:04
pointing upwards,-0.48,-9.93,-0.52,2021-04-03 18:24:04
pointing upwards,-0.45,-9.93,-0.56,2021-04-03 18:24:04
pointing upwards,-0.52,-9.93,-0.48,2021-04-03 18:24:04
pointing upwards,-0.46,-9.89,-0.44,2021-04-03 18:24:05
pointing upwards,-0.41,-9.91,-0.5,2021-04-03 18:24:05
pointing upwards,-0.47,-9.94,-0.45,2021-04-03 18:24:05
pointing upwards,-0.44,-9.91,-0.43,2021-04-03 18:24:05
pointing upwards,-0.5,-9.95,-0.5,2021-04-03 18:24:05
pointing upwards,-0.46,-9.92,-0.47,2021-04-03 18:24:06
pointing upwards,-0.45,-9.95,-0.51,2021-04-03 18:24:06
pointing upwards,-0.45,-9.92,-0.5,2021-04-03 18:24:06
pointing upwards,-0.48,-9.94,-0.51,2021-04-03 18:24:06
pointing upwards,-0.47,-9.86,-0.4,2021-04-03 18:24:07
pointing upwards,-0.5,-9.95,-0.46,2021-04-03 18:24:07
pointing upwards,-0.48,-9.88,-0.45,2021-04-03 18:24:07
pointing upwards,-0.45,-9.92,-0.49,2021-04-03 18:24:07
pointing upwards,-0.46,-9.92,-0.43,2021-04-03 18:24:07
pointing upwards,-0.57,-9.92,-0.31,2021-04-03 18:24:07
pointing upwards,-0.43,-9.94,-0.52,2021-04-03 18:24:08
pointing upwards,-0.47,-9.88,-0.5,2021-04-03 18:24:08
pointing upwards,-0.5,-9.93,-0.48,2021-04-03 18:24:08
pointing upwards,-0.46,-9.88,-0.53,2021-04-03 18:24:09
pointing upwards,-0.43,-9.92,-0.5,2021-04-03 18:24:09
